itemId,itemName,itemSize_MB,lastModified,NumberOfViews,LastViewDate
6c7d00d2be7844f49a75b2780992299d,Farmers Markets,0.008,8/11/2021,1,8/11/2021
674b4c2835984d2da04ec22b57a8e116,AdditionalAlamedaFarmersMarket_Test2,0.264,10/27/2021,1,10/27/2021
109ea42b13e74e758d92ab65e388e8ed,AdditionalAlamedaFarmersMarket_Test2,0.033,10/27/2021,3,1/9/2022
d8dbf13b9bce4f1e9c3d8d346e295ac3,Farmers Markets in Alameda County 3,0.001,11/23/2021,3,11/23/2021
267bb8b8f1d4403abcd9cd22e9617e92,Farmers Markets in Alameda County,0.033,1/5/2022,13,1/9/2022
