GEO_ID,NAME,B03002_001E,B03002_001M,B03002_002E,B03002_002M,B03002_003E,B03002_003M,B03002_004E,B03002_004M,B03002_005E,B03002_005M,B03002_006E,B03002_006M,B03002_007E,B03002_007M,B03002_008E,B03002_008M,B03002_009E,B03002_009M,B03002_010E,B03002_010M,B03002_011E,B03002_011M,B03002_012E,B03002_012M,B03002_013E,B03002_013M,B03002_014E,B03002_014M,B03002_015E,B03002_015M,B03002_016E,B03002_016M,B03002_017E,B03002_017M,B03002_018E,B03002_018M,B03002_019E,B03002_019M,B03002_020E,B03002_020M,B03002_021E,B03002_021M
id,Geographic Area Name,Estimate!!Total:,Margin of Error!!Total:,Estimate!!Total:!!Not Hispanic or Latino:,Margin of Error!!Total:!!Not Hispanic or Latino:,Estimate!!Total:!!Not Hispanic or Latino:!!White alone,Margin of Error!!Total:!!Not Hispanic or Latino:!!White alone,Estimate!!Total:!!Not Hispanic or Latino:!!Black or African American alone,Margin of Error!!Total:!!Not Hispanic or Latino:!!Black or African American alone,Estimate!!Total:!!Not Hispanic or Latino:!!American Indian and Alaska Native alone,Margin of Error!!Total:!!Not Hispanic or Latino:!!American Indian and Alaska Native alone,Estimate!!Total:!!Not Hispanic or Latino:!!Asian alone,Margin of Error!!Total:!!Not Hispanic or Latino:!!Asian alone,Estimate!!Total:!!Not Hispanic or Latino:!!Native Hawaiian and Other Pacific Islander alone,Margin of Error!!Total:!!Not Hispanic or Latino:!!Native Hawaiian and Other Pacific Islander alone,Estimate!!Total:!!Not Hispanic or Latino:!!Some other race alone,Margin of Error!!Total:!!Not Hispanic or Latino:!!Some other race alone,Estimate!!Total:!!Not Hispanic or Latino:!!Two or more races:,Margin of Error!!Total:!!Not Hispanic or Latino:!!Two or more races:,Estimate!!Total:!!Not Hispanic or Latino:!!Two or more races:!!Two races including Some other race,Margin of Error!!Total:!!Not Hispanic or Latino:!!Two or more races:!!Two races including Some other race,"Estimate!!Total:!!Not Hispanic or Latino:!!Two or more races:!!Two races excluding Some other race, and three or more races","Margin of Error!!Total:!!Not Hispanic or Latino:!!Two or more races:!!Two races excluding Some other race, and three or more races",Estimate!!Total:!!Hispanic or Latino:,Margin of Error!!Total:!!Hispanic or Latino:,Estimate!!Total:!!Hispanic or Latino:!!White alone,Margin of Error!!Total:!!Hispanic or Latino:!!White alone,Estimate!!Total:!!Hispanic or Latino:!!Black or African American alone,Margin of Error!!Total:!!Hispanic or Latino:!!Black or African American alone,Estimate!!Total:!!Hispanic or Latino:!!American Indian and Alaska Native alone,Margin of Error!!Total:!!Hispanic or Latino:!!American Indian and Alaska Native alone,Estimate!!Total:!!Hispanic or Latino:!!Asian alone,Margin of Error!!Total:!!Hispanic or Latino:!!Asian alone,Estimate!!Total:!!Hispanic or Latino:!!Native Hawaiian and Other Pacific Islander alone,Margin of Error!!Total:!!Hispanic or Latino:!!Native Hawaiian and Other Pacific Islander alone,Estimate!!Total:!!Hispanic or Latino:!!Some other race alone,Margin of Error!!Total:!!Hispanic or Latino:!!Some other race alone,Estimate!!Total:!!Hispanic or Latino:!!Two or more races:,Margin of Error!!Total:!!Hispanic or Latino:!!Two or more races:,Estimate!!Total:!!Hispanic or Latino:!!Two or more races:!!Two races including Some other race,Margin of Error!!Total:!!Hispanic or Latino:!!Two or more races:!!Two races including Some other race,"Estimate!!Total:!!Hispanic or Latino:!!Two or more races:!!Two races excluding Some other race, and three or more races","Margin of Error!!Total:!!Hispanic or Latino:!!Two or more races:!!Two races excluding Some other race, and three or more races"
1400000US06001400100,"Census Tract 4001, Alameda County, California",3120,208,3002,191,2317,235,107,68,0,12,391,112,0,12,0,12,187,126,0,12,187,126,118,61,77,50,0,12,0,12,7,10,0,12,34,33,0,12,0,12,0,12
1400000US06001400200,"Census Tract 4002, Alameda County, California",2007,120,1833,132,1475,145,52,48,4,7,171,69,0,12,0,12,131,67,0,12,131,67,174,78,102,62,0,12,0,12,0,12,0,12,17,16,55,42,14,25,41,36
1400000US06001400300,"Census Tract 4003, Alameda County, California",5051,309,4700,319,3434,366,459,179,0,17,590,140,23,39,97,105,97,82,0,17,97,82,351,139,314,134,0,17,0,17,0,17,0,17,37,60,0,17,0,17,0,17
1400000US06001400400,"Census Tract 4004, Alameda County, California",4007,344,3522,325,2554,267,266,168,35,38,420,133,0,12,0,12,247,113,0,12,247,113,485,238,194,125,25,37,9,16,0,12,0,12,199,212,58,52,13,21,45,47
1400000US06001400500,"Census Tract 4005, Alameda County, California",4124,357,3734,356,1874,236,882,202,0,12,446,176,22,33,6,10,504,263,20,21,484,264,390,169,162,115,0,12,0,12,0,12,0,12,104,84,124,84,19,22,105,81
1400000US06001400600,"Census Tract 4006, Alameda County, California",1745,133,1614,137,860,152,358,110,3,4,169,82,15,23,33,34,176,72,0,12,176,72,131,66,76,46,17,23,0,12,24,29,0,12,6,9,8,11,0,12,8,11
1400000US06001400700,"Census Tract 4007, Alameda County, California",5128,447,4134,347,1963,251,1448,283,0,17,329,99,0,17,0,17,394,143,0,17,394,143,994,453,220,101,11,17,14,22,0,17,0,17,572,482,177,108,106,94,71,56
1400000US06001400800,"Census Tract 4008, Alameda County, California",4069,442,3637,442,1772,275,947,371,8,12,618,160,0,12,0,12,292,143,53,65,239,103,432,324,55,48,60,66,21,22,0,12,0,12,204,308,92,104,57,65,35,42
1400000US06001400900,"Census Tract 4009, Alameda County, California",2471,285,2080,301,1029,232,711,267,61,83,101,81,0,12,25,39,153,79,0,12,153,79,391,282,209,216,0,12,0,12,0,12,0,12,182,172,0,12,0,12,0,12
1400000US06001401000,"Census Tract 4010, Alameda County, California",6133,501,4985,501,2051,289,1862,486,0,17,412,197,95,112,25,38,540,335,88,131,452,281,1148,366,452,366,116,162,10,18,0,17,0,17,517,310,53,49,38,41,15,24
1400000US06001401100,"Census Tract 4011, Alameda County, California",4287,354,3826,390,2246,382,332,194,0,12,849,326,12,21,69,82,318,197,0,12,318,197,461,206,241,140,29,46,0,12,0,12,0,12,191,190,0,12,0,12,0,12
1400000US06001401200,"Census Tract 4012, Alameda County, California",2619,182,2300,197,1598,194,295,98,2,6,301,143,0,12,0,12,104,62,0,12,104,62,319,118,174,78,5,10,6,23,0,12,0,12,119,91,15,17,15,17,0,12
1400000US06001401300,"Census Tract 4013, Alameda County, California",3921,263,3524,264,1506,177,1118,228,24,22,657,146,0,12,0,12,219,152,0,12,219,152,397,169,131,67,31,42,10,16,6,10,0,12,136,125,83,55,60,49,23,22
1400000US06001401400,"Census Tract 4014, Alameda County, California",4732,504,3835,494,1218,281,1511,458,73,80,570,308,15,23,52,83,396,289,10,16,386,288,897,290,292,162,0,12,0,12,0,12,0,12,528,270,77,61,25,29,52,51
1400000US06001401500,"Census Tract 4015, Alameda County, California",2839,368,2438,299,1048,253,1060,202,0,12,129,73,24,39,0,12,177,91,6,11,171,92,401,235,60,41,5,8,12,17,0,12,0,12,272,231,52,37,20,28,32,24
1400000US06001401600,"Census Tract 4016, Alameda County, California",2289,217,1830,223,656,198,822,139,0,12,239,99,21,27,0,12,92,65,0,12,92,65,459,107,160,88,0,12,0,12,6,9,0,12,233,104,60,72,0,12,60,72
1400000US06001401700,"Census Tract 4017, Alameda County, California",3018,339,2214,234,1173,192,514,187,0,12,360,107,7,11,0,12,160,93,0,12,160,93,804,274,257,161,0,12,0,12,7,12,10,16,414,262,116,119,73,93,43,41
1400000US06001401800,"Census Tract 4018, Alameda County, California",1801,265,1436,247,603,164,688,220,4,6,99,55,0,12,20,28,22,28,0,12,22,28,365,142,51,47,5,9,8,12,0,12,0,12,242,145,59,77,0,12,59,77
1400000US06001402200,"Census Tract 4022, Alameda County, California",2477,210,2075,202,740,110,787,229,31,35,405,168,0,12,0,12,112,58,9,16,103,52,402,96,89,53,11,17,9,10,0,12,0,12,212,98,81,49,33,35,48,35
1400000US06001402400,"Census Tract 4024, Alameda County, California",2866,375,2604,383,691,215,1387,317,0,12,362,188,10,15,0,12,154,100,0,12,154,100,262,148,95,62,66,93,1,2,0,12,0,12,78,104,22,32,22,32,0,12
1400000US06001402500,"Census Tract 4025, Alameda County, California",1781,222,1518,242,194,102,1040,198,0,12,237,101,0,12,0,12,47,57,0,12,47,57,263,137,17,19,25,26,0,12,0,12,0,12,113,116,108,77,77,76,31,34
1400000US06001402600,"Census Tract 4026, Alameda County, California",1243,117,1038,112,179,56,322,91,6,9,481,93,0,12,0,12,50,29,0,12,50,29,205,113,109,92,0,12,0,12,0,12,0,12,59,48,37,37,3,6,34,36
1400000US06001402700,"Census Tract 4027, Alameda County, California",1890,228,1501,195,439,123,799,179,12,18,205,98,0,12,13,22,33,23,0,12,33,23,389,196,101,76,12,13,0,12,0,12,0,12,248,183,28,30,28,30,0,12
1400000US06001402800,"Census Tract 4028, Alameda County, California",4480,435,4199,420,1263,200,1706,416,26,31,832,193,0,12,0,12,372,179,0,12,372,179,281,115,85,69,0,12,0,12,0,12,0,12,126,92,70,54,25,41,45,46
1400000US06001402900,"Census Tract 4029, Alameda County, California",1406,126,1158,125,303,79,241,69,3,4,528,103,0,12,19,22,64,43,0,12,64,43,248,95,45,32,18,22,0,12,6,9,0,12,159,96,20,19,0,12,20,19
1400000US06001403000,"Census Tract 4030, Alameda County, California",2905,216,2839,210,189,73,127,156,10,17,2366,219,72,71,14,20,61,44,0,12,61,44,66,63,37,45,0,12,0,12,0,12,0,12,29,31,0,12,0,12,0,12
1400000US06001403100,"Census Tract 4031, Alameda County, California",2101,256,1827,233,585,130,371,180,6,10,795,141,12,20,8,13,50,44,0,12,50,44,274,92,113,51,5,9,0,12,12,18,0,12,96,54,48,37,30,34,18,15
1400000US06001403300,"Census Tract 4033, Alameda County, California",4178,440,3926,445,1093,283,312,228,100,90,2182,428,0,12,0,12,239,120,0,12,239,120,252,126,157,99,0,12,21,24,0,12,0,12,74,55,0,12,0,12,0,12
1400000US06001403400,"Census Tract 4034, Alameda County, California",4340,340,3985,355,1716,247,831,320,19,41,1128,259,35,35,41,66,215,110,13,22,202,108,355,148,105,85,33,41,0,12,0,12,0,12,165,113,52,67,52,67,0,12
1400000US06001403501,"Census Tract 4035.01, Alameda County, California",4492,388,3941,514,1683,452,1073,239,24,23,835,182,39,44,0,12,287,151,0,12,287,151,551,311,196,76,23,37,30,49,0,12,0,12,58,58,244,276,24,33,220,270
1400000US06001403502,"Census Tract 4035.02, Alameda County, California",2044,236,1800,241,859,159,520,169,0,12,227,128,0,12,10,16,184,89,10,16,174,86,244,106,104,58,10,21,0,12,27,49,0,12,66,50,37,42,28,38,9,14
1400000US06001403600,"Census Tract 4036, Alameda County, California",5570,505,4795,526,1634,314,2297,531,13,17,522,217,0,17,34,40,295,192,0,17,295,192,775,225,282,136,99,107,0,17,91,103,0,17,190,111,113,101,82,100,31,32
1400000US06001403701,"Census Tract 4037.01, Alameda County, California",2968,235,2606,227,1277,164,794,279,0,12,374,179,0,12,29,31,132,61,0,12,132,61,362,124,184,79,6,10,0,12,7,11,0,12,141,77,24,28,18,29,6,10
1400000US06001403702,"Census Tract 4037.02, Alameda County, California",1930,235,1741,231,1002,168,290,124,0,12,341,156,0,12,14,21,94,75,0,12,94,75,189,111,54,38,8,13,0,12,0,12,0,12,106,102,21,22,21,22,0,12
1400000US06001403800,"Census Tract 4038, Alameda County, California",3351,270,3231,279,2270,272,435,221,0,12,392,130,4,6,0,12,130,56,0,12,130,56,120,64,71,46,0,12,0,12,0,12,0,12,10,13,39,47,11,17,28,44
1400000US06001403900,"Census Tract 4039, Alameda County, California",4051,287,3750,274,2321,351,549,267,9,13,655,192,0,12,0,12,216,187,28,52,188,156,301,139,153,88,0,12,0,12,0,12,0,12,77,70,71,83,71,83,0,12
1400000US06001404000,"Census Tract 4040, Alameda County, California",2895,218,2420,246,1598,221,210,99,29,31,295,94,71,67,15,22,202,96,0,12,202,96,475,176,255,110,34,54,0,12,0,12,0,12,102,78,84,62,14,17,70,56
1400000US06001404101,"Census Tract 4041.01, Alameda County, California",3017,208,2805,181,1876,220,237,101,11,13,380,111,0,12,62,60,239,147,0,12,239,147,212,111,128,80,0,12,0,12,0,12,0,12,53,67,31,35,9,15,22,34
1400000US06001404102,"Census Tract 4041.02, Alameda County, California",2653,173,2391,215,1764,198,125,69,36,45,319,100,20,32,14,21,113,101,0,12,113,101,262,146,124,68,5,8,0,12,16,25,0,12,79,111,38,54,32,53,6,11
1400000US06001404200,"Census Tract 4042, Alameda County, California",3877,274,3660,263,2394,260,245,170,8,9,736,226,33,36,37,29,207,110,7,12,200,108,217,81,137,66,11,15,0,12,0,12,0,12,35,34,34,47,7,12,27,45
1400000US06001404300,"Census Tract 4043, Alameda County, California",3443,216,3030,239,2248,230,57,69,0,12,467,113,0,12,16,24,242,140,42,48,200,107,413,196,67,48,0,12,0,12,0,12,0,12,160,136,186,113,93,82,93,109
1400000US06001404400,"Census Tract 4044, Alameda County, California",5628,313,5329,316,3771,315,131,88,18,27,729,170,0,17,0,17,680,278,62,96,618,274,299,87,265,86,0,17,22,36,0,17,0,17,0,17,12,21,12,21,0,17
1400000US06001404501,"Census Tract 4045.01, Alameda County, California",1809,128,1688,143,1201,147,122,56,0,12,209,94,9,12,13,19,134,57,0,12,134,57,121,74,116,74,0,12,0,12,0,12,0,12,5,9,0,12,0,12,0,12
1400000US06001404502,"Census Tract 4045.02, Alameda County, California",5891,298,5442,334,4448,359,67,71,0,17,600,249,0,17,0,17,327,167,0,17,327,167,449,207,234,164,37,61,13,19,24,37,0,17,74,84,67,61,27,42,40,47
1400000US06001404600,"Census Tract 4046, Alameda County, California",4625,295,4402,312,3223,263,178,113,8,11,604,136,106,163,40,37,243,142,12,17,231,142,223,120,131,75,0,12,0,12,37,43,0,12,55,50,0,12,0,12,0,12
1400000US06001404700,"Census Tract 4047, Alameda County, California",2137,138,1935,109,1487,141,128,61,0,12,240,101,9,13,0,12,71,50,0,12,71,50,202,95,129,68,0,12,0,12,46,69,0,12,27,23,0,12,0,12,0,12
1400000US06001404800,"Census Tract 4048, Alameda County, California",2647,203,2265,186,1307,170,423,98,11,15,293,56,0,12,20,23,211,107,0,12,211,107,382,156,210,126,0,12,81,111,0,12,0,12,32,36,59,76,59,76,0,12
1400000US06001404900,"Census Tract 4049, Alameda County, California",4197,235,3700,207,2354,196,403,149,28,26,645,113,31,32,8,14,231,92,0,12,231,92,497,188,335,164,0,12,15,24,29,34,0,12,26,28,92,66,23,29,69,58
1400000US06001405000,"Census Tract 4050, Alameda County, California",3394,189,3143,203,2090,224,398,185,0,12,373,81,0,12,14,20,268,116,0,12,268,116,251,98,110,46,9,14,10,16,16,24,0,12,50,53,56,53,27,31,29,43
1400000US06001405100,"Census Tract 4051, Alameda County, California",4285,226,4138,213,2786,165,581,160,0,12,435,111,0,12,11,17,325,124,32,41,293,121,147,76,30,26,8,13,0,12,0,12,0,12,67,49,42,39,20,30,22,24
1400000US06001405200,"Census Tract 4052, Alameda County, California",5183,297,4362,350,1983,238,466,137,15,23,1635,320,25,39,0,17,238,130,40,47,198,124,821,317,358,253,138,171,21,38,0,17,0,17,151,93,153,78,101,67,52,54
1400000US06001405301,"Census Tract 4053.01, Alameda County, California",2954,195,2414,225,1555,188,339,150,0,12,304,107,13,16,0,12,203,95,0,12,203,95,540,166,124,75,13,20,0,12,18,28,0,12,329,148,56,39,35,32,21,22
1400000US06001405302,"Census Tract 4053.02, Alameda County, California",2373,247,2181,261,730,165,304,133,8,13,1004,215,0,12,25,31,110,74,9,14,101,72,192,141,131,136,8,13,0,12,0,12,0,12,28,20,25,26,6,10,19,24
1400000US06001405401,"Census Tract 4054.01, Alameda County, California",3648,310,2824,366,749,171,592,204,0,12,1277,281,0,12,36,48,170,72,8,13,162,72,824,285,138,124,51,44,0,12,0,12,0,12,589,291,46,44,5,10,41,42
1400000US06001405402,"Census Tract 4054.02, Alameda County, California",3357,355,2650,374,579,181,866,263,8,12,938,153,102,98,0,12,157,130,0,12,157,130,707,252,100,86,28,54,37,42,0,12,0,12,542,250,0,12,0,12,0,12
1400000US06001405500,"Census Tract 4055, Alameda County, California",3880,347,3520,362,831,122,870,227,27,34,1619,340,31,40,0,12,142,82,0,12,142,82,360,121,231,124,9,15,28,40,0,12,10,16,56,49,26,37,0,12,26,37
1400000US06001405600,"Census Tract 4056, Alameda County, California",3269,276,2477,322,866,217,588,231,73,103,727,244,0,12,23,26,200,93,47,49,153,79,792,257,426,220,14,22,23,37,0,12,0,12,302,219,27,33,27,33,0,12
1400000US06001405700,"Census Tract 4057, Alameda County, California",3531,326,3049,377,508,176,747,313,17,21,1625,457,0,12,54,49,98,69,36,55,62,42,482,311,112,82,0,12,0,12,0,12,0,12,249,293,121,101,10,15,111,99
1400000US06001405800,"Census Tract 4058, Alameda County, California",4370,481,3625,488,656,269,944,427,57,68,1871,367,25,38,8,14,64,70,0,12,64,70,745,342,418,317,18,24,51,53,0,12,0,12,216,148,42,62,24,35,18,27
1400000US06001405901,"Census Tract 4059.01, Alameda County, California",4426,555,2598,480,163,164,628,223,47,33,1618,393,37,58,69,112,36,55,35,55,1,3,1828,567,650,541,88,114,14,22,0,12,0,12,1042,424,34,43,7,12,27,41
1400000US06001405902,"Census Tract 4059.02, Alameda County, California",2942,281,2203,265,258,124,352,94,14,21,1453,247,0,12,24,29,102,85,0,12,102,85,739,149,132,87,6,9,12,19,6,10,0,12,512,157,71,53,37,40,34,37
1400000US06001406000,"Census Tract 4060, Alameda County, California",3796,372,2900,367,702,225,525,228,0,12,1590,353,3,7,0,12,80,71,8,14,72,69,896,304,446,246,0,12,6,10,0,12,0,12,444,303,0,12,0,12,0,12
1400000US06001406100,"Census Tract 4061, Alameda County, California",4733,594,2024,513,703,182,422,426,0,12,824,362,28,41,0,12,47,48,0,12,47,48,2709,523,961,517,10,17,161,217,31,50,0,12,1509,622,37,49,11,19,26,33
1400000US06001406201,"Census Tract 4062.01, Alameda County, California",4995,504,2924,476,264,159,1056,398,8,10,1424,314,18,28,48,69,106,78,0,12,106,78,2071,441,303,182,0,12,71,61,0,12,0,12,1633,478,64,54,9,15,55,51
1400000US06001406202,"Census Tract 4062.02, Alameda County, California",4817,338,1932,319,458,200,684,223,101,123,603,132,0,12,12,18,74,52,13,19,61,51,2885,297,1050,350,12,21,222,185,19,29,0,12,1476,407,106,67,59,56,47,39
1400000US06001406300,"Census Tract 4063, Alameda County, California",4383,424,2903,448,553,201,1161,415,19,23,1061,369,0,12,0,12,109,73,0,12,109,73,1480,257,461,206,0,12,0,12,0,12,0,12,815,194,204,178,172,176,32,33
1400000US06001406400,"Census Tract 4064, Alameda County, California",2545,305,1999,274,801,154,526,232,5,7,483,161,16,22,0,12,168,82,0,12,168,82,546,240,236,159,10,14,24,21,0,12,0,12,223,177,53,47,41,44,12,17
1400000US06001406500,"Census Tract 4065, Alameda County, California",6586,520,3262,490,770,289,1085,289,0,17,923,271,185,170,7,12,292,251,12,19,280,248,3324,673,545,265,170,196,410,348,24,39,0,17,2066,567,109,106,66,90,43,55
1400000US06001406601,"Census Tract 4066.01, Alameda County, California",4955,541,3191,563,738,202,992,337,8,12,1089,310,0,12,7,12,357,253,0,12,357,253,1764,435,238,196,50,83,99,143,0,12,0,12,1175,403,202,182,146,176,56,61
1400000US06001406602,"Census Tract 4066.02, Alameda County, California",2698,310,1935,286,340,112,443,98,42,45,973,305,5,8,0,12,132,69,20,29,112,66,763,243,190,123,42,45,20,32,0,12,0,12,474,262,37,31,27,24,10,16
1400000US06001406700,"Census Tract 4067, Alameda County, California",5159,463,4446,434,2328,360,748,225,34,52,1059,241,0,17,49,72,228,128,0,17,228,128,713,232,426,145,17,28,0,17,0,17,0,17,209,233,61,68,22,36,39,57
1400000US06001406800,"Census Tract 4068, Alameda County, California",3611,273,2697,303,1196,260,403,196,16,18,761,134,0,12,145,164,176,79,0,12,176,79,914,288,317,136,9,18,0,12,0,12,0,12,423,278,165,174,100,130,65,60
1400000US06001406900,"Census Tract 4069, Alameda County, California",3608,259,3240,234,1697,223,670,230,15,24,593,255,12,19,0,12,253,105,9,14,244,101,368,169,157,93,0,12,0,12,0,12,0,12,118,134,93,90,0,12,93,90
1400000US06001407000,"Census Tract 4070, Alameda County, California",5869,643,4111,663,770,293,1234,410,68,73,1453,513,0,17,0,17,586,394,0,17,586,394,1758,414,386,254,0,17,51,60,0,17,0,17,1132,497,189,214,189,214,0,17
1400000US06001407101,"Census Tract 4071.01, Alameda County, California",3821,456,1749,302,188,129,534,277,8,12,956,128,0,12,0,12,63,61,0,12,63,61,2072,483,433,274,37,56,0,12,0,12,0,12,1586,503,16,21,16,21,0,12
1400000US06001407102,"Census Tract 4071.02, Alameda County, California",4387,381,2433,311,435,118,1143,260,17,21,611,159,0,12,0,12,227,129,9,14,218,128,1954,359,176,151,0,12,104,95,17,25,10,19,1471,394,176,133,50,54,126,115
1400000US06001407200,"Census Tract 4072, Alameda County, California",6985,705,2446,491,667,269,590,330,15,27,968,298,3,6,20,31,183,118,0,17,183,118,4539,663,1334,426,8,13,121,121,0,17,0,17,3017,784,59,42,48,39,11,18
1400000US06001407300,"Census Tract 4073, Alameda County, California",2420,253,878,160,286,112,266,120,3,4,236,122,12,19,0,12,75,52,0,12,75,52,1542,235,779,272,0,12,0,12,0,12,0,12,753,225,10,15,10,15,0,12
1400000US06001407400,"Census Tract 4074, Alameda County, California",4531,627,1354,416,80,46,823,300,0,12,329,219,9,15,0,12,113,118,0,12,113,118,3177,679,398,319,21,30,33,50,8,13,0,12,2518,672,199,146,88,107,111,110
1400000US06001407500,"Census Tract 4075, Alameda County, California",4299,559,1933,416,179,82,1247,358,4,9,278,193,5,10,39,64,181,230,0,12,181,230,2366,467,379,278,7,11,42,50,0,12,0,12,1757,529,181,207,181,207,0,12
1400000US06001407600,"Census Tract 4076, Alameda County, California",6327,817,4302,745,1060,275,2472,586,0,17,526,227,0,17,0,17,244,171,0,17,244,171,2025,627,257,220,24,43,0,17,0,17,0,17,1309,606,435,300,41,48,394,301
1400000US06001407700,"Census Tract 4077, Alameda County, California",4122,362,3454,391,1237,198,1770,310,0,12,206,117,17,19,16,25,208,122,0,12,208,122,668,219,295,186,14,18,0,12,4,8,0,12,237,146,118,109,75,94,43,54
1400000US06001407800,"Census Tract 4078, Alameda County, California",2728,213,2187,208,850,138,645,130,0,12,550,155,3,6,0,12,139,80,9,16,130,76,541,164,255,80,0,12,5,9,7,13,0,12,188,120,86,46,30,28,56,35
1400000US06001407900,"Census Tract 4079, Alameda County, California",2873,273,2632,208,1428,195,530,173,0,12,447,92,2,4,53,62,172,85,0,12,172,85,241,136,80,56,0,12,0,12,9,15,0,12,133,125,19,24,0,12,19,24
1400000US06001408000,"Census Tract 4080, Alameda County, California",2700,164,2363,141,1476,145,250,101,12,21,499,108,2,5,20,28,104,78,0,12,104,78,337,102,176,77,5,8,0,12,0,12,0,12,123,70,33,30,22,28,11,13
1400000US06001408100,"Census Tract 4081, Alameda County, California",6320,502,5684,491,2531,342,1506,374,0,17,1287,206,0,17,0,17,360,168,26,43,334,162,636,192,171,73,0,17,0,17,16,25,0,17,296,160,153,86,85,61,68,65
1400000US06001408200,"Census Tract 4082, Alameda County, California",4570,417,3857,389,834,244,2350,445,35,55,238,99,30,46,0,12,370,204,0,12,370,204,713,279,270,130,25,29,22,34,0,12,0,12,303,238,93,74,55,59,38,39
1400000US06001408300,"Census Tract 4083, Alameda County, California",5047,399,3940,386,1136,204,1877,281,6,9,589,248,61,63,0,17,271,135,0,17,271,135,1107,310,291,195,23,36,14,22,0,17,62,83,622,280,95,82,25,41,70,70
1400000US06001408400,"Census Tract 4084, Alameda County, California",3201,369,1991,429,238,128,1610,444,0,12,52,55,8,12,11,18,72,69,0,12,72,69,1210,409,264,182,10,15,0,12,0,12,13,21,840,356,83,114,40,54,43,60
1400000US06001408500,"Census Tract 4085, Alameda County, California",5977,593,2773,487,144,166,2201,354,1,4,132,187,113,97,27,40,155,146,34,52,121,99,3204,557,127,115,35,55,1,2,0,17,0,17,2893,554,148,98,99,81,49,75
1400000US06001408600,"Census Tract 4086, Alameda County, California",7096,746,3381,647,235,122,2497,555,19,21,302,206,0,17,0,17,328,252,0,17,328,252,3715,823,714,431,29,29,9,14,0,17,0,17,2857,847,106,78,64,55,42,69
1400000US06001408700,"Census Tract 4087, Alameda County, California",7909,629,4344,524,663,254,3312,488,0,17,181,139,0,17,0,17,188,188,0,17,188,188,3565,552,636,375,0,17,21,33,0,17,0,17,2398,682,510,338,145,139,365,351
1400000US06001408800,"Census Tract 4088, Alameda County, California",7149,724,3815,593,387,272,2718,577,0,17,308,156,361,300,0,17,41,42,12,19,29,47,3334,737,340,189,0,17,36,58,0,17,0,17,2866,774,92,80,92,80,0,17
1400000US06001408900,"Census Tract 4089, Alameda County, California",3546,357,1208,206,175,112,759,174,0,12,162,110,35,31,0,12,77,65,0,12,77,65,2338,343,331,158,94,96,0,12,0,12,0,12,1832,319,81,88,42,64,39,61
1400000US06001409000,"Census Tract 4090, Alameda County, California",4687,593,2178,431,94,77,1638,427,0,12,221,145,6,10,52,75,167,200,132,192,35,47,2509,755,346,184,0,12,48,75,0,12,0,12,2074,777,41,44,16,21,25,39
1400000US06001409100,"Census Tract 4091, Alameda County, California",2490,231,1015,226,49,34,694,233,18,27,109,91,0,12,0,12,145,113,0,12,145,113,1475,231,672,310,32,34,108,146,0,12,0,12,609,228,54,56,54,56,0,12
1400000US06001409200,"Census Tract 4092, Alameda County, California",3672,272,1578,151,93,44,1137,143,0,12,240,108,0,12,0,12,108,74,0,12,108,74,2094,272,279,116,34,43,26,27,6,10,0,12,1534,299,215,145,93,95,122,101
1400000US06001409300,"Census Tract 4093, Alameda County, California",5303,623,1847,342,254,137,1305,306,0,17,148,125,27,33,0,17,113,86,13,21,100,85,3456,602,673,334,10,15,0,17,0,17,0,17,2689,650,84,79,33,34,51,70
1400000US06001409400,"Census Tract 4094, Alameda County, California",4780,652,1453,399,216,140,728,254,0,12,443,267,15,24,0,12,51,68,0,12,51,68,3327,571,803,475,72,88,0,12,0,12,0,12,2335,650,117,98,34,40,83,91
1400000US06001409500,"Census Tract 4095, Alameda County, California",4128,347,1450,210,173,95,1032,193,5,8,69,55,83,116,37,46,51,50,0,12,51,50,2678,338,737,244,18,19,100,131,0,12,0,12,1764,353,59,65,59,65,0,12
1400000US06001409600,"Census Tract 4096, Alameda County, California",4978,629,2140,623,159,102,1623,588,11,17,233,209,36,33,54,66,24,30,0,12,24,30,2838,702,358,214,30,45,2,5,0,12,0,12,2378,698,70,42,32,27,38,35
1400000US06001409700,"Census Tract 4097, Alameda County, California",4991,598,2111,347,177,79,1598,303,0,12,94,90,17,25,18,32,207,125,10,16,197,120,2880,526,659,340,0,12,0,12,0,12,9,15,2089,564,123,86,96,71,27,42
1400000US06001409800,"Census Tract 4098, Alameda County, California",3516,512,3076,462,717,250,1944,418,10,15,150,90,0,12,80,89,175,109,0,12,175,109,440,249,208,132,31,48,1,3,135,219,0,12,40,46,25,40,24,40,1,3
1400000US06001409900,"Census Tract 4099, Alameda County, California",3642,402,3347,418,1046,197,1715,326,0,12,265,76,0,12,34,39,287,198,11,17,276,194,295,144,162,96,0,12,11,16,0,12,0,12,38,52,84,77,9,15,75,74
1400000US06001410000,"Census Tract 4100, Alameda County, California",3242,342,2942,382,935,199,1301,282,8,13,158,101,29,43,44,46,467,265,10,16,457,264,300,147,119,117,10,16,0,12,0,12,0,12,67,71,104,87,104,87,0,12
1400000US06001410100,"Census Tract 4101, Alameda County, California",2667,227,2199,198,330,89,1479,187,0,12,129,71,14,14,6,9,241,100,19,27,222,94,468,120,57,38,34,30,0,12,0,12,0,12,260,104,117,87,34,33,83,80
1400000US06001410200,"Census Tract 4102, Alameda County, California",3630,464,2351,408,53,44,2000,345,31,42,104,137,86,127,0,12,77,106,0,12,77,106,1279,358,162,146,179,234,0,12,0,12,0,12,913,395,25,37,0,12,25,37
1400000US06001410300,"Census Tract 4103, Alameda County, California",3857,288,1330,221,83,40,959,200,18,26,121,84,51,78,23,36,75,60,0,12,75,60,2527,288,913,237,7,10,20,29,12,17,0,12,1418,287,157,98,112,87,45,37
1400000US06001410400,"Census Tract 4104, Alameda County, California",4477,388,2341,344,286,102,1505,310,12,17,452,152,0,12,0,12,86,63,0,12,86,63,2136,291,528,205,0,12,111,131,34,34,23,23,1376,353,64,52,46,49,18,21
1400000US06001410500,"Census Tract 4105, Alameda County, California",2705,285,2439,322,403,156,1652,306,7,11,294,149,24,26,7,10,52,34,0,12,52,34,266,196,144,191,11,15,0,12,0,12,0,12,103,97,8,9,4,6,4,6
1400000US06001420100,"Census Tract 4201, Alameda County, California",2440,139,2248,147,1506,149,11,17,10,13,512,89,0,12,0,12,209,68,0,12,209,68,192,84,95,59,0,12,0,12,0,12,0,12,46,31,51,37,14,15,37,29
1400000US06001420200,"Census Tract 4202, Alameda County, California",3332,255,2930,259,1183,202,186,135,18,24,1279,221,0,12,50,49,214,137,0,12,214,137,402,244,139,173,0,12,0,12,0,12,0,12,172,133,91,66,47,42,44,55
1400000US06001420300,"Census Tract 4203, Alameda County, California",4977,454,4196,345,1482,287,196,109,60,43,1987,417,52,53,255,318,164,100,0,12,164,100,781,318,269,178,0,12,0,12,20,32,0,12,411,309,81,64,19,30,62,58
1400000US06001420400,"Census Tract 4204, Alameda County, California",3062,245,2150,236,971,235,37,43,11,17,935,239,13,20,13,20,170,81,0,12,170,81,912,259,327,172,0,12,34,53,0,12,0,12,288,183,263,141,125,72,138,101
1400000US06001420500,"Census Tract 4205, Alameda County, California",2557,188,2271,210,1308,191,138,118,27,26,540,105,0,12,7,10,251,79,0,12,251,79,286,154,56,40,0,12,0,12,5,8,0,12,156,142,69,48,29,41,40,30
1400000US06001420600,"Census Tract 4206, Alameda County, California",3436,239,3036,246,2283,253,12,18,0,12,502,157,19,22,34,42,186,92,0,12,186,92,400,168,195,112,11,18,0,12,0,12,0,12,59,45,135,80,110,85,25,38
1400000US06001421100,"Census Tract 4211, Alameda County, California",2084,124,1961,97,1633,106,36,34,0,12,223,44,7,11,0,12,62,44,0,12,62,44,123,82,105,81,0,12,0,12,0,12,0,12,7,11,11,11,0,12,11,11
1400000US06001421200,"Census Tract 4212, Alameda County, California",3594,175,3446,155,2619,173,48,32,4,6,364,150,0,12,25,37,386,133,0,12,386,133,148,73,107,63,0,12,0,12,0,12,0,12,41,41,0,12,0,12,0,12
1400000US06001421300,"Census Tract 4213, Alameda County, California",3873,275,3731,296,3046,249,58,58,0,12,340,104,8,13,0,12,279,111,7,11,272,113,142,134,60,57,0,12,0,12,0,12,0,12,82,121,0,12,0,12,0,12
1400000US06001421400,"Census Tract 4214, Alameda County, California",1634,135,1529,167,1199,138,30,23,7,9,202,79,4,7,20,29,67,45,0,12,67,45,105,96,29,23,0,12,0,12,9,11,0,12,13,14,54,70,54,70,0,12
1400000US06001421500,"Census Tract 4215, Alameda County, California",3694,223,3519,225,2873,236,95,63,0,12,434,115,11,17,18,21,88,53,0,12,88,53,175,94,65,47,0,12,0,12,0,12,0,12,81,69,29,44,0,12,29,44
1400000US06001421600,"Census Tract 4216, Alameda County, California",3617,228,3473,210,2658,239,112,86,0,12,466,91,20,33,0,12,217,111,0,12,217,111,144,85,98,63,0,12,0,12,0,12,0,12,32,25,14,20,14,20,0,12
1400000US06001421700,"Census Tract 4217, Alameda County, California",3492,279,3169,323,2383,276,23,33,5,8,631,177,0,12,0,12,127,63,0,12,127,63,323,123,146,96,0,12,39,41,0,12,0,12,126,98,12,18,12,18,0,12
1400000US06001421800,"Census Tract 4218, Alameda County, California",2144,136,2079,130,1603,151,31,25,1,4,300,90,0,12,3,5,141,56,0,12,141,56,65,33,53,27,5,7,5,8,0,12,0,12,2,4,0,12,0,12,0,12
1400000US06001421900,"Census Tract 4219, Alameda County, California",4171,365,3726,356,2345,333,223,136,0,12,741,148,7,11,35,33,375,113,23,37,352,112,445,198,290,180,27,40,5,10,0,12,0,12,110,93,13,18,0,12,13,18
1400000US06001422000,"Census Tract 4220, Alameda County, California",2156,187,2008,176,1387,218,234,145,0,12,176,80,0,12,31,29,180,90,0,12,180,90,148,62,76,45,4,9,2,5,0,12,0,12,0,12,66,39,4,9,62,38
1400000US06001422100,"Census Tract 4221, Alameda County, California",3073,304,2431,267,1445,217,394,73,25,29,375,112,0,12,7,12,185,139,0,12,185,139,642,256,139,90,0,12,76,75,0,12,0,12,427,263,0,12,0,12,0,12
1400000US06001422200,"Census Tract 4222, Alameda County, California",3237,253,2708,309,1714,254,171,97,0,12,511,128,0,12,0,12,312,106,0,12,312,106,529,240,311,172,0,12,29,43,0,12,19,41,33,28,137,142,47,70,90,113
1400000US06001422300,"Census Tract 4223, Alameda County, California",3643,372,3322,271,2192,239,105,62,6,9,778,176,0,12,0,12,241,97,0,12,241,97,321,202,144,79,0,12,0,12,0,12,8,13,40,45,129,174,129,174,0,12
1400000US06001422400,"Census Tract 4224, Alameda County, California",4487,387,3871,416,1886,336,56,45,0,12,1691,406,0,12,18,29,220,149,0,12,220,149,616,238,459,219,0,12,0,12,0,12,0,12,134,99,23,36,0,12,23,36
1400000US06001422500,"Census Tract 4225, Alameda County, California",4400,341,3965,334,2083,275,126,77,10,16,1483,220,11,18,0,12,252,82,22,24,230,79,435,141,252,103,0,12,8,14,6,10,11,16,74,36,84,64,46,38,38,41
1400000US06001422600,"Census Tract 4226, Alameda County, California",1043,182,914,174,403,109,32,31,0,12,459,135,0,12,0,12,20,23,10,18,10,14,129,51,79,44,0,12,0,12,0,12,0,12,50,36,0,12,0,12,0,12
1400000US06001422700,"Census Tract 4227, Alameda County, California",5266,504,4394,459,2391,350,126,67,47,32,1536,242,10,15,0,17,284,94,47,31,237,91,872,179,516,159,4,5,0,17,38,32,0,17,260,90,54,51,38,45,16,25
1400000US06001422800,"Census Tract 4228, Alameda County, California",9064,493,7601,495,2580,313,382,225,13,17,4062,447,76,68,0,17,488,116,92,63,396,102,1463,270,724,168,13,18,36,30,30,33,0,17,495,178,165,67,29,25,136,62
1400000US06001422900,"Census Tract 4229, Alameda County, California",5761,714,5458,724,1957,491,691,347,0,17,2421,623,156,139,0,17,233,180,0,17,233,180,303,117,154,107,0,17,0,17,0,17,0,17,118,76,31,56,31,56,0,17
1400000US06001423000,"Census Tract 4230, Alameda County, California",4962,408,4365,386,2649,335,241,212,5,9,1234,362,0,12,0,12,236,136,0,12,236,136,597,287,310,232,99,141,17,25,0,12,0,12,114,92,57,62,26,34,31,51
1400000US06001423100,"Census Tract 4231, Alameda County, California",4413,284,3843,384,2189,320,733,255,0,12,624,175,43,67,0,12,254,127,8,12,246,125,570,264,176,123,0,12,22,35,9,15,0,12,204,201,159,101,88,79,71,67
1400000US06001423200,"Census Tract 4232, Alameda County, California",2982,402,2171,277,912,149,669,231,0,12,217,95,103,116,0,12,270,112,0,12,270,112,811,358,390,211,12,21,18,28,0,12,0,12,233,212,158,167,8,14,150,166
1400000US06001423300,"Census Tract 4233, Alameda County, California",3504,296,3064,328,1556,220,893,232,3,7,333,109,0,12,0,12,279,116,9,15,270,115,440,176,156,72,23,33,19,23,0,12,0,12,89,73,153,145,102,136,51,60
1400000US06001423400,"Census Tract 4234, Alameda County, California",5163,535,4399,516,2548,364,709,301,0,17,629,279,0,17,0,17,513,299,0,17,513,299,764,217,348,193,0,17,0,17,0,17,0,17,254,183,162,113,62,70,100,100
1400000US06001423500,"Census Tract 4235, Alameda County, California",3426,241,2939,272,1628,229,692,256,0,12,459,143,11,11,14,22,135,71,0,12,135,71,487,163,205,101,23,35,9,13,32,47,0,12,98,66,120,64,56,42,64,47
1400000US06001423601,"Census Tract 4236.01, Alameda County, California",2671,227,2438,236,1879,229,138,90,17,25,246,85,0,12,27,43,131,63,0,12,131,63,233,109,103,56,0,12,0,12,9,15,0,12,76,88,45,34,14,21,31,27
1400000US06001423602,"Census Tract 4236.02, Alameda County, California",6528,1059,5957,1037,3087,897,84,68,99,86,2305,457,31,50,0,17,351,183,0,17,351,183,571,261,288,124,0,17,14,40,0,17,0,17,185,171,84,111,65,108,19,31
1400000US06001423700,"Census Tract 4237, Alameda County, California",4148,576,3710,526,2547,392,95,84,6,8,824,236,22,34,0,12,216,89,2,4,214,88,438,126,315,112,0,12,23,36,13,24,0,12,71,37,16,14,13,14,3,3
1400000US06001423800,"Census Tract 4238, Alameda County, California",2986,222,2796,224,2372,181,71,67,0,12,211,86,0,12,9,14,133,95,0,12,133,95,190,87,190,87,0,12,0,12,0,12,0,12,0,12,0,12,0,12,0,12
1400000US06001423901,"Census Tract 4239.01, Alameda County, California",2054,245,1768,223,1289,230,219,124,7,12,187,76,0,12,17,28,49,35,0,12,49,35,286,94,135,67,11,12,12,13,0,12,0,12,39,42,89,53,44,35,45,34
1400000US06001423902,"Census Tract 4239.02, Alameda County, California",1605,126,1509,125,1135,120,47,25,0,12,248,93,0,12,2,5,77,47,6,9,71,47,96,47,37,20,9,11,0,12,0,12,0,12,14,17,36,36,0,12,36,36
1400000US06001424001,"Census Tract 4240.01, Alameda County, California",4027,320,3371,328,1886,231,892,177,13,25,336,138,12,17,65,59,167,74,38,42,129,54,656,155,113,81,21,34,12,18,10,15,0,12,443,134,57,49,37,34,20,34
1400000US06001424002,"Census Tract 4240.02, Alameda County, California",2583,309,1997,212,707,131,868,186,14,19,267,104,0,12,5,7,136,60,0,12,136,60,586,211,91,65,19,31,7,11,5,8,0,12,404,223,60,40,22,20,38,35
1400000US06001425101,"Census Tract 4251.01, Alameda County, California",1659,144,1562,169,969,160,58,45,5,8,419,150,8,13,0,12,103,67,41,53,62,40,97,54,87,54,0,12,0,12,0,12,0,12,0,12,10,15,10,15,0,12
1400000US06001425102,"Census Tract 4251.02, Alameda County, California",3906,256,3555,271,1329,271,325,164,8,11,1594,321,38,45,32,41,229,107,7,11,222,105,351,127,156,81,10,15,22,24,7,14,0,12,134,91,22,23,0,12,22,23
1400000US06001425103,"Census Tract 4251.03, Alameda County, California",2795,195,2586,191,1219,250,428,121,2,5,736,203,0,12,0,12,201,106,0,12,201,106,209,97,137,68,31,37,0,12,28,37,0,12,0,12,13,19,13,19,0,12
1400000US06001425104,"Census Tract 4251.04, Alameda County, California",3539,266,3057,301,1277,205,941,219,0,12,639,146,14,20,15,24,171,95,5,8,166,94,482,214,136,102,0,12,23,38,0,12,0,12,189,137,134,107,78,94,56,58
1400000US06001426100,"Census Tract 4261, Alameda County, California",6521,213,6387,261,4783,307,45,63,0,17,1298,197,0,17,0,17,261,161,0,17,261,161,134,129,134,129,0,17,0,17,0,17,0,17,0,17,0,17,0,17,0,17
1400000US06001426200,"Census Tract 4262, Alameda County, California",4796,209,4460,235,3242,237,110,94,4,7,722,129,7,12,10,17,365,154,0,12,365,154,336,149,271,133,0,12,0,12,0,12,0,12,9,14,56,68,13,23,43,64
1400000US06001427100,"Census Tract 4271, Alameda County, California",3975,301,3335,217,2550,207,55,37,19,23,567,110,8,13,44,46,92,75,0,12,92,75,640,238,265,109,0,12,0,12,76,71,0,12,220,202,79,80,52,61,27,42
1400000US06001427200,"Census Tract 4272, Alameda County, California",4180,349,3478,351,1674,252,122,90,12,16,1482,305,19,29,6,9,163,76,0,12,163,76,702,233,367,208,0,12,10,16,8,13,0,12,201,121,116,80,21,23,95,73
1400000US06001427300,"Census Tract 4273, Alameda County, California",5346,278,4765,268,1996,169,386,85,22,26,2008,280,39,44,22,35,292,97,31,33,261,99,581,199,315,124,0,17,0,17,13,20,0,17,160,139,93,57,42,36,51,49
1400000US06001427600,"Census Tract 4276, Alameda County, California",5200,444,4666,480,1483,236,975,395,4,7,1790,282,55,60,27,40,332,177,14,22,318,175,534,252,178,100,0,17,0,17,23,25,0,17,318,219,15,18,10,15,5,9
1400000US06001427700,"Census Tract 4277, Alameda County, California",5201,352,4280,354,2520,385,491,305,2,5,930,324,0,17,20,31,317,257,17,28,300,256,921,298,329,131,1,5,0,17,0,17,0,17,447,231,144,128,124,122,20,32
1400000US06001427800,"Census Tract 4278, Alameda County, California",4954,514,4465,533,2669,433,236,162,6,9,1075,345,0,12,24,38,455,188,0,12,455,188,489,208,143,100,0,12,0,12,0,12,0,12,209,129,137,116,63,89,74,73
1400000US06001427900,"Census Tract 4279, Alameda County, California",5052,382,4332,360,2432,335,232,165,34,47,1432,301,0,17,0,17,202,150,50,83,152,101,720,290,341,183,52,105,0,17,0,17,0,17,200,198,127,156,18,28,109,154
1400000US06001428000,"Census Tract 4280, Alameda County, California",2877,230,2204,208,1044,175,153,81,3,8,781,197,0,12,0,12,223,97,0,12,223,97,673,136,152,126,40,50,0,12,0,12,0,12,469,207,12,14,7,12,5,9
1400000US06001428100,"Census Tract 4281, Alameda County, California",4839,272,4279,242,2553,217,315,197,0,12,1052,190,30,28,80,59,249,113,0,12,249,113,560,123,331,140,2,5,0,12,19,26,0,12,95,53,113,55,51,45,62,45
1400000US06001428200,"Census Tract 4282, Alameda County, California",6606,353,5759,341,3421,394,414,262,0,17,1395,304,30,34,0,17,499,305,0,17,499,305,847,152,446,242,0,17,0,17,0,17,0,17,312,186,89,87,0,17,89,87
1400000US06001428301,"Census Tract 4283.01, Alameda County, California",7277,411,6506,446,2304,267,338,252,22,35,3167,377,60,90,21,31,594,203,0,17,594,203,771,253,304,163,0,17,0,17,180,163,0,17,191,207,96,78,50,52,46,69
1400000US06001428302,"Census Tract 4283.02, Alameda County, California",7424,481,6945,473,3095,512,194,144,0,17,3185,396,0,17,41,51,430,231,0,17,430,231,479,73,199,123,0,17,0,17,0,17,0,17,197,167,83,99,0,17,83,99
1400000US06001428400,"Census Tract 4284, Alameda County, California",4568,318,3766,307,1814,255,491,271,21,20,1130,249,28,29,12,21,270,119,0,12,270,119,802,204,399,135,28,44,106,133,0,12,0,12,95,50,174,70,161,68,13,22
1400000US06001428500,"Census Tract 4285, Alameda County, California",3097,282,2700,285,1274,236,246,152,31,39,854,206,0,12,51,56,244,149,0,12,244,149,397,193,109,73,0,12,0,12,0,12,0,12,187,135,101,71,22,31,79,72
1400000US06001428600,"Census Tract 4286, Alameda County, California",3454,250,3246,266,1484,193,254,146,9,18,1182,162,0,12,11,17,306,170,0,12,306,170,208,98,87,73,0,12,47,47,5,12,0,12,15,22,54,60,43,58,11,16
1400000US06001428700,"Census Tract 4287, Alameda County, California",4472,335,3745,369,1226,189,752,222,19,30,1461,282,0,12,10,16,277,140,16,20,261,143,727,202,378,146,0,12,0,12,0,12,0,12,297,159,52,59,20,31,32,50
1400000US06001430101,"Census Tract 4301.01, Alameda County, California",6842,509,6201,492,1981,324,441,490,10,17,3401,342,81,106,0,17,287,230,0,17,287,230,641,400,193,130,0,17,0,17,0,17,0,17,110,149,338,363,17,27,321,362
1400000US06001430102,"Census Tract 4301.02, Alameda County, California",2424,209,2126,213,1402,149,41,34,0,12,469,100,17,18,20,30,177,129,6,9,171,130,298,105,202,97,0,12,5,7,0,12,0,12,59,45,32,24,14,16,18,19
1400000US06001430200,"Census Tract 4302, Alameda County, California",6878,403,6227,382,3884,426,324,237,61,63,1640,363,1,4,17,27,300,135,42,49,258,124,651,321,460,270,0,17,20,29,0,17,0,17,133,127,38,66,0,17,38,66
1400000US06001430300,"Census Tract 4303, Alameda County, California",3826,202,3324,244,2137,219,43,33,0,12,976,175,5,10,21,31,142,91,0,12,142,91,502,88,308,148,0,12,9,15,25,40,12,19,125,96,23,30,0,12,23,30
1400000US06001430400,"Census Tract 4304, Alameda County, California",2107,163,1860,158,1243,176,32,22,0,12,465,119,9,14,0,12,111,56,0,12,111,56,247,116,96,68,0,12,4,7,0,12,0,12,81,54,66,54,18,25,48,51
1400000US06001430500,"Census Tract 4305, Alameda County, California",5987,473,4836,469,1756,250,1488,399,46,30,1308,309,4,10,4,11,230,152,0,17,230,152,1151,222,802,244,2,6,5,15,2,4,0,17,337,160,3,6,0,17,3,6
1400000US06001430600,"Census Tract 4306, Alameda County, California",6486,374,5657,362,2993,362,486,125,32,34,1787,315,36,56,0,17,323,195,0,17,323,195,829,365,665,347,0,17,20,34,40,61,0,17,67,55,37,45,37,45,0,17
1400000US06001430700,"Census Tract 4307, Alameda County, California",4170,219,3511,271,2091,222,203,126,18,26,880,206,0,12,26,39,293,136,0,12,293,136,659,228,285,149,12,20,146,152,0,12,0,12,65,64,151,93,66,68,85,72
1400000US06001430800,"Census Tract 4308, Alameda County, California",5282,485,4886,509,3015,416,81,55,47,64,1475,631,60,50,0,17,208,98,0,17,208,98,396,262,267,254,37,59,19,32,0,17,0,17,54,65,19,30,0,17,19,30
1400000US06001430900,"Census Tract 4309, Alameda County, California",5309,363,4194,388,2236,361,514,202,45,58,1010,323,6,9,9,14,374,247,59,69,315,236,1115,319,893,320,0,17,12,19,6,11,0,17,137,80,67,51,31,28,36,39
1400000US06001431000,"Census Tract 4310, Alameda County, California",2777,285,2237,295,1014,178,158,118,20,22,854,278,0,12,0,12,191,86,7,15,184,85,540,185,442,173,27,31,0,12,11,17,0,12,26,41,34,59,0,12,34,59
1400000US06001431100,"Census Tract 4311, Alameda County, California",3561,320,2480,309,1136,164,607,228,5,8,433,136,33,19,52,82,214,143,0,12,214,143,1081,219,899,249,0,12,0,12,10,16,0,12,106,83,66,47,40,39,26,31
1400000US06001431200,"Census Tract 4312, Alameda County, California",5574,453,4274,489,2586,440,593,156,0,17,777,323,0,17,0,17,318,229,0,17,318,229,1300,411,807,278,40,66,0,17,0,17,0,17,390,407,63,80,57,69,6,48
1400000US06001432100,"Census Tract 4321, Alameda County, California",3574,281,2938,284,1613,180,413,151,0,12,666,211,63,68,28,37,155,119,0,12,155,119,636,188,216,73,0,12,16,20,0,12,0,12,274,184,130,84,35,34,95,71
1400000US06001432200,"Census Tract 4322, Alameda County, California",4078,272,3090,227,1410,172,901,215,15,17,484,163,41,38,14,22,225,144,0,12,225,144,988,163,390,200,0,12,55,75,8,14,0,12,486,199,49,46,0,12,49,46
1400000US06001432300,"Census Tract 4323, Alameda County, California",4744,245,3176,214,905,152,542,180,16,27,1306,204,120,152,8,12,279,196,0,12,279,196,1568,255,695,280,31,28,39,37,9,15,0,12,722,259,72,58,29,27,43,49
1400000US06001432400,"Census Tract 4324, Alameda County, California",7003,536,4053,487,1190,232,465,146,0,17,2088,500,126,110,0,17,184,94,0,17,184,94,2950,598,1968,623,34,56,25,27,0,17,0,17,638,405,285,224,61,72,224,207
1400000US06001432501,"Census Tract 4325.01, Alameda County, California",4854,385,3409,399,824,197,354,200,6,9,2023,374,30,27,18,29,154,106,0,12,154,106,1445,259,943,251,0,12,9,15,0,12,35,41,394,229,64,55,33,38,31,40
1400000US06001432502,"Census Tract 4325.02, Alameda County, California",5178,373,3640,389,715,218,686,335,3,7,2111,263,0,17,55,58,70,66,0,17,70,66,1538,392,966,433,51,57,0,17,25,28,9,15,325,284,162,114,57,97,105,87
1400000US06001432600,"Census Tract 4326, Alameda County, California",7043,431,4906,534,1791,423,1030,273,49,49,1758,459,48,77,12,28,218,130,0,17,218,130,2137,361,971,357,0,17,44,50,12,21,0,17,749,311,361,257,205,223,156,123
1400000US06001432700,"Census Tract 4327, Alameda County, California",2816,185,2089,186,1239,149,168,92,12,13,464,153,21,34,10,13,175,92,0,12,175,92,727,195,495,229,0,12,0,12,8,12,0,12,188,135,36,55,12,18,24,37
1400000US06001432800,"Census Tract 4328, Alameda County, California",3979,304,3129,350,1168,226,412,307,6,9,1335,376,7,11,33,40,168,137,0,12,168,137,850,269,367,150,97,99,68,105,30,34,30,45,187,113,71,65,22,36,49,55
1400000US06001433000,"Census Tract 4330, Alameda County, California",3654,606,2901,581,1097,314,215,119,3,4,1463,558,7,11,43,42,73,60,0,12,73,60,753,297,500,242,15,25,31,50,11,17,0,12,156,131,40,50,0,12,40,50
1400000US06001433102,"Census Tract 4331.02, Alameda County, California",4485,362,2863,359,501,160,387,225,5,7,1854,343,0,12,0,12,116,48,0,12,116,48,1622,504,905,416,0,12,32,36,20,30,9,15,385,338,271,285,0,12,271,285
1400000US06001433103,"Census Tract 4331.03, Alameda County, California",3523,397,2010,282,483,145,584,187,20,26,868,203,0,12,0,12,55,44,0,12,55,44,1513,389,926,414,44,78,0,12,0,12,0,12,485,339,58,63,38,53,20,25
1400000US06001433104,"Census Tract 4331.04, Alameda County, California",3724,334,2612,260,1061,204,811,209,24,23,451,175,0,12,5,8,260,128,0,12,260,128,1112,324,607,272,9,16,0,12,0,12,0,12,337,179,159,100,106,85,53,52
1400000US06001433200,"Census Tract 4332, Alameda County, California",7991,655,5701,697,1396,446,968,380,38,60,2912,550,25,29,0,17,362,306,0,17,362,306,2290,725,835,286,0,17,0,17,0,17,0,17,1058,720,397,229,397,229,0,17
1400000US06001433300,"Census Tract 4333, Alameda County, California",7761,449,5941,393,2069,393,21,31,0,17,3492,477,157,184,0,17,202,154,0,17,202,154,1820,313,678,296,40,63,0,17,25,40,0,17,761,384,316,247,199,188,117,150
1400000US06001433400,"Census Tract 4334, Alameda County, California",5934,398,5398,389,978,241,551,409,78,91,3341,357,140,153,0,17,310,180,24,41,286,175,536,243,377,186,0,17,19,30,0,17,0,17,61,82,79,142,45,92,34,52
1400000US06001433500,"Census Tract 4335, Alameda County, California",4830,359,3735,377,1278,269,204,171,0,12,2250,336,3,6,0,12,0,12,0,12,0,12,1095,198,429,232,7,13,0,12,59,102,0,12,531,202,69,75,38,57,31,44
1400000US06001433600,"Census Tract 4336, Alameda County, California",6094,521,5016,537,1409,307,531,322,122,107,2489,537,118,185,0,17,347,212,0,17,347,212,1078,283,609,275,0,17,0,17,0,17,0,17,426,335,43,42,17,30,26,41
1400000US06001433700,"Census Tract 4337, Alameda County, California",3503,365,1489,206,457,197,186,96,26,33,655,276,0,12,0,12,165,135,0,12,165,135,2014,320,1389,429,0,12,0,12,26,39,0,12,599,241,0,12,0,12,0,12
1400000US06001433800,"Census Tract 4338, Alameda County, California",8179,517,4514,749,767,268,635,267,19,21,3035,731,10,16,0,17,48,72,0,17,48,72,3665,792,1747,683,22,35,19,32,24,41,0,17,1699,713,154,177,29,39,125,172
1400000US06001433900,"Census Tract 4339, Alameda County, California",7685,695,4563,828,824,446,1715,480,7,11,1223,480,103,88,276,385,415,332,173,236,242,236,3122,787,1781,626,35,38,235,390,0,17,0,17,839,449,232,137,136,93,96,107
1400000US06001434000,"Census Tract 4340, Alameda County, California",5334,468,2847,358,729,195,870,375,20,32,1003,306,0,17,0,17,225,168,8,13,217,167,2487,405,1635,411,13,22,11,15,16,25,17,27,692,277,103,92,89,91,14,21
1400000US06001435102,"Census Tract 4351.02, Alameda County, California",6189,440,4367,347,1704,191,864,305,33,35,1444,214,0,17,8,13,314,132,16,22,298,126,1822,325,1149,308,0,17,17,14,4,7,0,17,439,145,213,121,15,19,198,119
1400000US06001435103,"Census Tract 4351.03, Alameda County, California",7420,352,6618,316,2178,258,553,140,0,17,3294,272,0,17,16,24,577,202,0,17,577,202,802,214,584,178,0,17,0,17,0,17,0,17,136,116,82,113,13,22,69,110
1400000US06001435104,"Census Tract 4351.04, Alameda County, California",6117,516,3758,542,877,257,673,249,22,35,1607,462,108,120,103,115,368,180,0,17,368,180,2359,558,971,462,7,11,13,19,12,19,0,17,1157,454,199,140,57,56,142,132
1400000US06001435200,"Census Tract 4352, Alameda County, California",4659,425,3383,358,1044,218,921,174,11,12,1101,261,7,14,45,56,254,136,0,12,254,136,1276,552,642,515,10,16,0,12,40,64,0,12,450,308,134,86,69,70,65,50
1400000US06001435300,"Census Tract 4353, Alameda County, California",4739,290,3454,238,1186,169,1096,165,7,11,747,285,261,224,19,37,138,95,0,12,138,95,1285,279,613,260,24,27,0,12,0,12,0,12,463,176,185,123,56,68,129,88
1400000US06001435400,"Census Tract 4354, Alameda County, California",4538,494,3460,467,991,266,1227,425,18,28,886,329,35,42,0,12,303,139,44,68,259,129,1078,362,647,268,6,14,0,12,8,14,0,12,336,317,81,55,36,33,45,35
1400000US06001435500,"Census Tract 4355, Alameda County, California",3983,455,2333,326,1159,276,456,142,20,25,447,200,134,128,0,12,117,86,0,12,117,86,1650,446,709,369,77,96,37,42,0,12,0,12,690,337,137,83,116,81,21,23
1400000US06001435601,"Census Tract 4356.01, Alameda County, California",5662,503,2420,483,629,173,719,338,4,7,732,339,146,116,56,88,134,100,0,17,134,100,3242,595,1506,619,19,29,0,17,0,17,0,17,1625,594,92,65,83,63,9,15
1400000US06001435602,"Census Tract 4356.02, Alameda County, California",5453,435,2351,386,1302,195,362,131,6,9,568,256,43,50,0,17,70,53,0,17,70,53,3102,459,1755,454,61,70,43,74,0,17,0,17,1060,457,183,117,85,111,98,87
1400000US06001435700,"Census Tract 4357, Alameda County, California",5231,517,2748,433,1116,211,594,437,5,8,731,259,158,148,17,29,127,94,0,17,127,94,2483,416,1408,511,5,11,8,18,0,17,0,17,872,324,190,236,37,40,153,232
1400000US06001435800,"Census Tract 4358, Alameda County, California",5543,379,3153,424,1253,385,68,52,0,17,1547,271,0,17,19,29,266,140,20,22,246,140,2390,449,997,334,37,57,34,38,92,105,8,12,1043,460,179,129,69,106,110,80
1400000US06001435900,"Census Tract 4359, Alameda County, California",5371,321,3601,349,1537,301,185,113,0,17,1665,209,57,50,29,33,128,72,0,17,128,72,1770,285,1100,378,26,41,132,203,10,17,0,17,367,179,135,91,52,57,83,68
1400000US06001436000,"Census Tract 4360, Alameda County, California",5063,352,2915,324,1506,205,43,45,32,29,1237,302,3,8,13,21,81,53,9,14,72,51,2148,267,1337,389,41,63,78,105,31,38,0,17,488,241,173,94,136,86,37,35
1400000US06001436100,"Census Tract 4361, Alameda County, California",5977,349,3495,334,1228,194,210,133,29,36,1453,387,291,251,47,54,237,140,13,23,224,137,2482,283,1780,376,0,17,8,13,9,71,0,17,648,345,37,53,0,17,37,53
1400000US06001436200,"Census Tract 4362, Alameda County, California",4266,379,1811,324,453,112,702,175,0,12,478,273,38,37,0,12,140,135,73,117,67,59,2455,479,1114,439,23,39,104,140,59,86,0,12,1013,510,142,112,125,116,17,23
1400000US06001436300,"Census Tract 4363, Alameda County, California",9444,671,4895,425,1240,295,917,232,23,40,2513,330,34,35,0,17,168,142,31,50,137,131,4549,642,2316,737,0,17,1,2,0,17,0,17,2043,804,189,188,141,173,48,74
1400000US06001436401,"Census Tract 4364.01, Alameda County, California",7173,412,5695,540,2500,435,1035,263,9,18,1594,255,56,97,44,67,457,247,0,17,457,247,1478,388,647,304,98,90,20,42,0,17,0,17,590,333,123,125,0,17,123,125
1400000US06001436402,"Census Tract 4364.02, Alameda County, California",2704,139,2194,132,1137,115,294,64,0,12,565,152,0,12,17,30,181,143,0,12,181,143,510,88,302,124,15,25,10,16,0,12,0,12,98,52,85,76,0,12,85,76
1400000US06001436500,"Census Tract 4365, Alameda County, California",5375,343,2980,363,799,161,515,184,4,6,1150,331,200,141,0,17,312,153,0,17,312,153,2395,317,1229,371,8,12,9,15,16,25,0,17,1075,369,58,48,30,35,28,27
1400000US06001436601,"Census Tract 4366.01, Alameda County, California",6938,568,3089,455,887,262,467,232,0,17,1050,486,0,17,14,22,671,428,9,14,662,427,3849,492,2094,551,30,35,25,29,45,49,0,17,1375,498,280,148,187,135,93,72
1400000US06001436602,"Census Tract 4366.02, Alameda County, California",5113,460,2635,356,534,138,702,339,0,17,1066,343,172,139,0,17,161,99,6,9,155,98,2478,439,1136,441,29,29,0,17,8,14,0,17,1145,447,160,124,73,73,87,86
1400000US06001436700,"Census Tract 4367, Alameda County, California",3265,310,1683,202,657,175,194,158,0,12,696,209,14,22,0,12,122,116,0,12,122,116,1582,290,903,328,8,14,13,19,0,12,0,12,597,289,61,65,13,24,48,59
1400000US06001436800,"Census Tract 4368, Alameda County, California",4382,343,2369,334,528,111,590,178,38,47,960,299,139,99,0,12,114,52,5,8,109,51,2013,372,555,268,0,12,0,12,0,12,0,12,1241,369,217,149,117,138,100,86
1400000US06001436900,"Census Tract 4369, Alameda County, California",6745,510,2975,390,823,230,488,230,5,9,1276,394,189,179,0,17,194,130,30,48,164,128,3770,636,2450,604,38,57,0,17,0,17,11,17,1130,377,141,95,82,76,59,59
1400000US06001437000,"Census Tract 4370, Alameda County, California",3493,299,1955,216,630,130,198,124,10,19,824,197,152,127,0,12,141,96,0,12,141,96,1538,254,753,307,0,12,6,11,10,16,0,12,641,281,128,83,77,58,51,49
1400000US06001437101,"Census Tract 4371.01, Alameda County, California",7867,545,6020,419,1185,261,579,103,71,68,3383,457,416,284,12,20,374,252,8,13,366,249,1847,364,1191,286,0,17,54,72,0,17,34,56,423,205,145,119,133,117,12,19
1400000US06001437102,"Census Tract 4371.02, Alameda County, California",4521,331,3192,283,530,126,357,90,7,12,1887,335,6,10,10,16,395,250,0,12,395,250,1329,173,354,230,0,12,30,37,40,51,0,12,753,261,152,115,58,58,94,92
1400000US06001437200,"Census Tract 4372, Alameda County, California",7489,669,5394,499,1355,218,414,255,67,69,2918,421,192,194,33,52,415,278,48,56,367,262,2095,600,923,533,0,17,47,77,0,17,0,17,780,323,345,193,70,76,275,172
1400000US06001437300,"Census Tract 4373, Alameda County, California",3277,203,2028,228,453,176,403,172,1,3,929,210,61,59,0,12,181,146,13,17,168,145,1249,298,445,235,0,12,0,12,0,12,0,12,754,244,50,37,18,16,32,29
1400000US06001437400,"Census Tract 4374, Alameda County, California",3485,257,1588,133,487,112,137,55,14,16,854,125,44,68,26,20,26,23,0,12,26,23,1897,246,899,166,5,8,40,56,35,51,0,12,740,265,178,145,139,126,39,51
1400000US06001437500,"Census Tract 4375, Alameda County, California",4531,314,1538,259,620,221,130,81,0,12,742,225,9,13,0,12,37,38,0,12,37,38,2993,326,1156,360,0,12,0,12,0,12,0,12,1645,350,192,152,48,64,144,135
1400000US06001437600,"Census Tract 4376, Alameda County, California",3536,234,2024,252,464,104,214,103,0,12,1131,214,82,75,13,20,120,77,28,33,92,65,1512,205,636,202,91,130,20,26,15,19,0,12,649,226,101,91,92,90,9,13
1400000US06001437701,"Census Tract 4377.01, Alameda County, California",3773,393,1542,300,350,136,486,239,52,55,492,175,79,99,0,12,83,71,22,34,61,58,2231,371,1022,322,0,12,0,12,48,72,0,12,1134,397,27,26,9,14,18,22
1400000US06001437702,"Census Tract 4377.02, Alameda County, California",4295,378,1038,302,201,148,281,236,8,13,372,196,67,98,0,12,109,79,25,41,84,66,3257,521,1604,554,0,12,18,29,0,12,0,12,1596,438,39,47,0,12,39,47
1400000US06001437800,"Census Tract 4378, Alameda County, California",4997,333,3044,404,972,302,145,115,48,38,1545,296,143,142,0,12,191,212,0,12,191,212,1953,297,522,214,203,288,24,46,0,12,0,12,1068,354,136,109,39,44,97,75
1400000US06001437900,"Census Tract 4379, Alameda County, California",2321,231,943,174,278,93,122,57,13,16,354,116,103,93,4,6,69,66,0,12,69,66,1378,229,499,230,13,23,87,131,0,12,0,12,731,256,48,36,35,31,13,15
1400000US06001438000,"Census Tract 4380, Alameda County, California",3952,525,2886,556,1076,381,316,203,0,12,1299,489,25,43,0,12,170,162,46,63,124,145,1066,399,357,222,10,17,6,11,0,12,0,12,684,416,9,14,0,12,9,14
1400000US06001438100,"Census Tract 4381, Alameda County, California",8307,564,4920,569,1327,402,599,209,67,79,2454,499,71,70,72,127,330,173,0,17,330,173,3387,556,1101,524,0,17,93,187,29,36,0,17,1931,668,233,160,108,107,125,93
1400000US06001438201,"Census Tract 4382.01, Alameda County, California",5144,442,1950,447,403,148,330,333,0,17,832,299,120,98,18,27,247,165,0,17,247,165,3194,601,1121,502,9,14,70,80,0,17,0,17,1910,602,84,63,84,63,0,17
1400000US06001438203,"Census Tract 4382.03, Alameda County, California",3888,398,3061,388,613,213,212,172,0,12,2001,396,121,158,0,12,114,86,9,16,105,84,827,212,285,185,5,13,6,10,0,12,0,12,436,240,95,75,95,75,0,12
1400000US06001438204,"Census Tract 4382.04, Alameda County, California",5838,321,3923,335,754,161,361,146,38,39,2250,294,137,112,0,17,383,212,6,10,377,213,1915,287,760,342,19,31,66,91,0,17,9,14,736,254,325,243,308,242,17,20
1400000US06001438300,"Census Tract 4383, Alameda County, California",3767,333,2544,284,207,85,331,141,0,12,1613,351,305,185,10,17,78,50,0,12,78,50,1223,177,853,191,0,12,0,12,4,8,4,7,327,157,35,27,14,15,21,18
1400000US06001438400,"Census Tract 4384, Alameda County, California",2757,218,1891,169,477,101,252,148,0,12,1034,190,57,54,0,12,71,44,16,27,55,36,866,176,360,199,7,11,2,6,16,23,0,12,481,204,0,12,0,12,0,12
1400000US06001440100,"Census Tract 4401, Alameda County, California",2799,257,2220,229,1117,203,82,62,7,13,950,147,28,38,0,12,36,38,0,12,36,38,579,195,106,57,0,12,0,12,0,12,0,12,317,142,156,83,151,84,5,8
1400000US06001440200,"Census Tract 4402, Alameda County, California",6125,479,1857,301,216,135,410,165,9,14,1166,260,0,17,0,17,56,43,23,27,33,31,4268,525,1095,387,0,17,7,11,74,85,12,21,3017,519,63,53,37,38,26,38
1400000US06001440301,"Census Tract 4403.01, Alameda County, California",7596,482,5291,808,1616,558,418,346,12,18,2642,674,278,246,0,17,325,314,0,17,325,314,2305,710,585,388,0,17,0,17,31,52,14,23,1578,722,97,67,78,58,19,33
1400000US06001440304,"Census Tract 4403.04, Alameda County, California",5035,336,4381,299,308,137,464,252,0,17,3246,300,200,169,0,17,163,91,0,17,163,91,654,250,157,103,0,17,14,21,32,56,0,17,203,147,248,171,184,150,64,73
1400000US06001440305,"Census Tract 4403.05, Alameda County, California",4190,231,3497,254,789,186,99,68,23,32,2259,230,146,104,3,7,178,112,29,39,149,104,693,165,191,112,11,18,0,12,3,7,21,31,399,190,68,60,52,48,16,20
1400000US06001440306,"Census Tract 4403.06, Alameda County, California",4322,364,3988,364,537,160,177,109,0,12,2982,400,43,43,0,12,249,172,32,48,217,164,334,122,92,53,0,12,0,12,5,8,0,12,187,131,50,43,27,30,23,30
1400000US06001440307,"Census Tract 4403.07, Alameda County, California",4748,346,3852,377,905,212,224,165,10,15,2525,401,28,27,0,12,160,109,0,12,160,109,896,270,75,47,0,12,10,16,22,35,0,12,693,281,96,73,65,62,31,34
1400000US06001440308,"Census Tract 4403.08, Alameda County, California",6171,345,4517,445,949,249,199,115,3,5,3031,427,9,14,0,17,326,205,0,17,326,205,1654,319,528,286,16,25,112,125,0,17,0,17,915,414,83,73,0,17,83,73
1400000US06001440331,"Census Tract 4403.31, Alameda County, California",3276,278,2456,245,378,124,55,62,5,9,1737,281,98,87,0,12,183,68,34,27,149,62,820,180,333,149,0,12,0,12,55,52,60,54,241,169,131,64,39,37,92,54
1400000US06001440332,"Census Tract 4403.32, Alameda County, California",3505,169,3218,225,309,128,64,55,17,19,2633,284,16,19,13,19,166,96,0,12,166,96,287,169,138,80,0,12,0,12,0,12,0,12,132,143,17,20,17,20,0,12
1400000US06001440333,"Census Tract 4403.33, Alameda County, California",2982,216,2849,233,472,157,66,37,3,4,2128,258,5,7,0,12,175,88,28,43,147,86,133,101,63,49,0,12,0,12,0,12,0,12,70,94,0,12,0,12,0,12
1400000US06001440334,"Census Tract 4403.34, Alameda County, California",4414,315,3797,315,640,156,422,308,7,11,2505,385,27,33,0,12,196,201,0,12,196,201,617,171,91,119,0,12,0,12,0,12,0,12,526,191,0,12,0,12,0,12
1400000US06001440335,"Census Tract 4403.35, Alameda County, California",7051,529,6927,550,1342,439,243,189,28,48,4506,694,86,105,16,27,706,258,39,62,667,254,124,175,24,37,0,17,0,17,0,17,0,17,88,164,12,21,0,17,12,21
1400000US06001440336,"Census Tract 4403.36, Alameda County, California",4437,364,3621,414,803,248,387,275,28,36,2246,275,7,12,0,12,150,72,0,12,150,72,816,284,176,106,0,12,50,64,0,12,0,12,534,276,56,55,25,27,31,50
1400000US06001441100,"Census Tract 4411, Alameda County, California",4625,340,3699,337,2065,302,43,49,24,36,1255,227,8,15,0,12,304,142,0,12,304,142,926,239,170,114,11,20,0,12,29,45,0,12,593,257,123,87,49,46,74,64
1400000US06001441200,"Census Tract 4412, Alameda County, California",7277,611,5925,615,2568,524,340,292,22,38,2540,486,0,17,48,61,407,233,0,17,407,233,1352,424,496,224,0,17,0,17,23,37,0,17,665,372,168,171,150,167,18,31
1400000US06001441301,"Census Tract 4413.01, Alameda County, California",3301,217,3104,226,604,173,215,188,27,28,2126,207,12,19,0,12,120,73,0,12,120,73,197,91,121,78,0,12,0,12,24,35,0,12,0,12,52,48,0,12,52,48
1400000US06001441302,"Census Tract 4413.02, Alameda County, California",5937,309,5157,305,1588,257,160,117,12,15,3104,305,52,83,21,23,220,120,75,79,145,99,780,204,198,135,0,17,0,17,0,17,0,17,471,205,111,100,67,82,44,51
1400000US06001441401,"Census Tract 4414.01, Alameda County, California",8082,640,7277,692,1662,488,93,128,25,38,4911,758,157,148,0,17,429,272,0,17,429,272,805,438,148,142,30,38,0,17,15,25,0,17,583,445,29,46,29,46,0,17
1400000US06001441402,"Census Tract 4414.02, Alameda County, California",5407,311,4908,419,910,213,130,105,15,21,3648,431,0,17,30,46,175,98,0,17,175,98,499,284,73,66,36,59,0,17,17,27,0,17,273,209,100,111,100,111,0,17
1400000US06001441501,"Census Tract 4415.01, Alameda County, California",6546,389,6016,433,830,172,156,113,19,27,4528,501,149,99,0,17,334,261,60,65,274,251,530,168,139,84,0,17,0,17,0,17,0,17,153,88,238,111,198,91,40,49
1400000US06001441503,"Census Tract 4415.03, Alameda County, California",8013,417,7735,447,703,282,158,182,69,60,6617,454,30,33,0,17,158,105,49,75,109,59,278,175,80,98,0,17,0,17,21,24,0,17,125,142,52,57,15,23,37,52
1400000US06001441521,"Census Tract 4415.21, Alameda County, California",6175,306,5733,328,1000,198,98,61,0,17,4324,342,73,77,0,17,238,122,20,31,218,118,442,135,216,147,0,17,92,100,11,16,0,17,111,99,12,19,11,18,1,3
1400000US06001441522,"Census Tract 4415.22, Alameda County, California",5233,311,4592,365,697,213,349,224,13,19,3394,285,27,31,0,17,112,75,25,28,87,65,641,225,189,162,0,17,0,17,31,39,0,17,421,259,0,17,0,17,0,17
1400000US06001441523,"Census Tract 4415.23, Alameda County, California",4418,265,4134,295,518,214,104,109,0,12,3327,308,95,135,0,12,90,55,7,12,83,54,284,196,90,60,0,12,0,12,0,12,0,12,173,173,21,25,21,25,0,12
1400000US06001441524,"Census Tract 4415.24, Alameda County, California",4215,302,4108,300,333,144,96,56,0,12,3605,360,0,12,0,12,74,81,63,78,11,17,107,76,53,54,28,44,0,12,0,12,0,12,16,16,10,23,10,23,0,12
1400000US06001441601,"Census Tract 4416.01, Alameda County, California",4982,316,4144,338,1372,249,450,386,16,23,1953,338,208,211,32,37,113,94,13,19,100,91,838,211,300,138,0,12,0,12,15,25,0,12,320,166,203,194,152,181,51,48
1400000US06001441602,"Census Tract 4416.02, Alameda County, California",8113,416,6676,449,1767,291,144,125,0,17,4237,595,410,396,18,27,100,84,0,17,100,84,1437,313,381,278,0,17,0,17,38,60,0,17,773,501,245,331,205,326,40,50
1400000US06001441700,"Census Tract 4417, Alameda County, California",8527,778,6796,644,2148,699,353,285,26,38,3982,710,0,17,0,17,287,187,0,17,287,187,1731,821,630,538,0,17,56,98,0,17,0,17,977,676,68,65,54,56,14,24
1400000US06001441800,"Census Tract 4418, Alameda County, California",7543,494,6662,622,2600,408,141,122,18,28,3765,556,0,17,45,52,93,96,0,17,93,96,881,526,287,224,0,17,0,17,0,17,0,17,498,448,96,101,72,86,24,27
1400000US06001441921,"Census Tract 4419.21, Alameda County, California",3909,317,2903,285,639,159,262,210,74,62,1623,352,0,12,9,13,296,176,83,94,213,150,1006,264,322,156,0,12,0,12,0,12,0,12,632,296,52,54,16,21,36,46
1400000US06001441923,"Census Tract 4419.23, Alameda County, California",6250,505,5667,568,924,390,179,148,31,34,4209,469,0,17,0,17,324,229,71,112,253,208,583,267,72,80,0,17,0,17,16,27,0,17,426,254,69,74,0,17,69,74
1400000US06001441924,"Census Tract 4419.24, Alameda County, California",7481,584,6597,391,1348,324,219,159,32,42,4648,475,0,17,14,24,336,177,16,26,320,175,884,425,120,93,0,17,0,17,0,17,0,17,626,475,138,100,85,85,53,61
1400000US06001441925,"Census Tract 4419.25, Alameda County, California",7291,414,6742,516,1075,362,441,341,12,20,4984,536,0,17,107,131,123,76,14,22,109,70,549,386,101,96,0,17,0,17,0,17,0,17,341,322,107,165,0,17,107,165
1400000US06001441926,"Census Tract 4419.26, Alameda County, California",4595,303,3081,289,399,136,176,124,24,21,2254,294,23,25,11,17,194,92,58,58,136,80,1514,341,333,173,7,11,0,12,0,12,32,48,1013,336,129,138,105,135,24,30
1400000US06001441927,"Census Tract 4419.27, Alameda County, California",4492,319,4056,318,613,155,146,102,19,28,2948,370,62,62,8,13,260,105,43,45,217,101,436,243,74,52,0,12,0,12,9,15,0,12,310,233,43,39,26,36,17,19
1400000US06001442000,"Census Tract 4420, Alameda County, California",3419,206,3149,250,521,136,3,5,18,24,2515,231,16,17,0,12,76,55,0,12,76,55,270,154,264,153,0,12,0,12,0,12,0,12,4,8,2,4,2,4,0,12
1400000US06001442100,"Census Tract 4421, Alameda County, California",5462,331,5408,320,731,173,78,77,29,40,4399,360,30,41,11,15,130,101,98,97,32,28,54,51,39,44,15,23,0,17,0,17,0,17,0,17,0,17,0,17,0,17
1400000US06001442200,"Census Tract 4422, Alameda County, California",7473,341,7025,318,1438,266,106,160,25,29,5257,354,69,91,0,17,130,93,0,17,130,93,448,166,172,95,11,19,0,17,0,17,0,17,179,168,86,86,61,75,25,40
1400000US06001442301,"Census Tract 4423.01, Alameda County, California",5496,299,4486,252,969,197,214,129,38,51,3000,259,29,36,0,17,236,128,79,93,157,103,1010,272,328,191,0,17,0,17,12,20,12,18,598,316,60,67,20,22,40,64
1400000US06001442302,"Census Tract 4423.02, Alameda County, California",6366,474,5641,453,1096,146,319,216,23,21,3826,472,13,20,131,211,233,111,0,17,233,111,725,213,187,111,0,17,0,17,49,74,0,17,449,228,40,58,34,58,6,10
1400000US06001442400,"Census Tract 4424, Alameda County, California",6822,428,5136,481,1408,273,279,287,14,18,3340,490,0,17,0,17,95,68,7,12,88,66,1686,334,455,222,28,44,40,53,0,17,0,17,1075,394,88,98,57,85,31,50
1400000US06001442500,"Census Tract 4425, Alameda County, California",7374,606,5649,574,1252,390,250,164,42,42,3521,583,130,148,15,23,439,194,0,17,439,194,1725,456,400,330,29,47,46,55,22,36,0,17,892,441,336,250,90,105,246,227
1400000US06001442601,"Census Tract 4426.01, Alameda County, California",4160,327,3303,328,1460,182,16,27,0,12,1671,317,19,29,0,12,137,77,0,12,137,77,857,311,250,144,0,12,8,12,18,28,0,12,520,344,61,61,38,48,23,34
1400000US06001442602,"Census Tract 4426.02, Alameda County, California",5059,447,3648,342,1705,300,183,187,4,6,1564,340,0,17,0,17,192,149,0,17,192,149,1411,306,312,201,0,17,0,17,0,17,0,17,1062,312,37,48,28,46,9,14
1400000US06001442700,"Census Tract 4427, Alameda County, California",3048,208,2580,223,1124,164,154,136,11,17,1200,206,0,12,0,12,91,59,0,12,91,59,468,132,258,138,0,12,0,12,0,12,0,12,115,65,95,84,95,84,0,12
1400000US06001442800,"Census Tract 4428, Alameda County, California",2952,201,2459,186,911,154,43,38,4,6,1373,139,0,12,9,13,119,66,34,32,85,55,493,142,189,104,0,12,0,12,10,11,0,12,287,146,7,11,0,12,7,11
1400000US06001442900,"Census Tract 4429, Alameda County, California",7761,697,6439,647,2056,618,295,245,106,129,3615,481,208,209,61,78,98,76,42,53,56,56,1322,217,308,225,0,17,0,17,0,17,0,17,719,326,295,218,96,123,199,186
1400000US06001443001,"Census Tract 4430.01, Alameda County, California",2891,158,1867,226,659,122,142,104,10,16,881,239,122,113,0,12,53,40,15,22,38,29,1024,218,130,104,0,12,5,8,5,8,11,18,688,223,185,126,135,103,50,76
1400000US06001443002,"Census Tract 4430.02, Alameda County, California",6930,388,5718,380,1198,200,207,208,12,13,4032,387,9,15,86,83,174,106,0,17,174,106,1212,335,312,269,0,17,14,23,0,17,0,17,781,263,105,87,41,45,64,72
1400000US06001443102,"Census Tract 4431.02, Alameda County, California",5065,235,4782,377,730,220,29,35,0,17,3871,458,25,37,29,44,98,54,0,17,98,54,283,218,111,97,0,17,0,17,0,17,0,17,28,43,144,132,42,40,102,110
1400000US06001443103,"Census Tract 4431.03, Alameda County, California",4107,278,3970,296,453,169,8,17,29,27,3357,300,0,12,0,12,123,89,0,12,123,89,137,83,68,57,0,12,0,12,0,12,0,12,23,39,46,52,31,45,15,22
1400000US06001443104,"Census Tract 4431.04, Alameda County, California",5620,294,5555,303,1010,220,19,30,0,17,4325,353,37,56,20,31,144,116,31,48,113,102,65,64,36,45,0,17,0,17,0,17,0,17,0,17,29,37,29,37,0,17
1400000US06001443105,"Census Tract 4431.05, Alameda County, California",4785,251,4668,250,667,155,74,59,0,12,3760,269,38,50,0,12,129,85,0,12,129,85,117,121,13,16,0,12,0,12,0,12,0,12,104,121,0,12,0,12,0,12
1400000US06001443200,"Census Tract 4432, Alameda County, California",4053,266,4023,272,730,152,0,12,14,15,3033,273,47,64,0,12,199,123,36,59,163,98,30,28,15,24,0,12,0,12,7,12,0,12,8,13,0,12,0,12,0,12
1400000US06001443301,"Census Tract 4433.01, Alameda County, California",4355,244,3973,244,1109,188,63,72,0,12,2596,270,12,19,0,12,193,101,134,95,59,45,382,200,111,93,62,98,0,12,8,13,0,12,165,197,36,51,36,51,0,12
1400000US06001443321,"Census Tract 4433.21, Alameda County, California",3368,288,3058,336,170,97,128,128,0,12,2677,366,14,24,11,19,58,57,32,49,26,27,310,153,83,64,0,12,0,12,0,12,6,10,151,125,70,81,42,70,28,33
1400000US06001443322,"Census Tract 4433.22, Alameda County, California",3308,171,3158,169,634,84,54,54,22,30,2317,156,22,33,0,12,109,45,12,18,97,41,150,65,84,46,0,12,0,12,0,12,0,12,31,25,35,28,16,18,19,23
1400000US06001444100,"Census Tract 4441, Alameda County, California",7556,552,5378,474,3005,354,83,104,9,18,2059,375,23,37,0,17,199,133,11,19,188,131,2178,319,620,296,0,17,0,17,15,20,0,17,1470,433,73,63,18,30,55,53
1400000US06001444200,"Census Tract 4442, Alameda County, California",7112,561,4741,584,1376,244,386,342,49,66,2494,452,74,84,19,30,343,226,0,17,343,226,2371,337,644,305,0,17,0,17,0,17,8,13,1618,407,101,73,14,24,87,69
1400000US06001444301,"Census Tract 4443.01, Alameda County, California",3973,312,2684,304,1307,161,185,213,0,12,1066,227,0,12,0,12,126,110,54,77,72,79,1289,212,276,172,0,12,103,131,55,72,0,12,659,187,196,110,174,113,22,35
1400000US06001444302,"Census Tract 4443.02, Alameda County, California",5185,369,3124,416,736,235,236,182,27,40,1898,420,90,119,24,38,113,96,0,17,113,96,2061,391,300,118,0,17,29,37,0,17,0,17,1698,399,34,36,17,28,17,22
1400000US06001444400,"Census Tract 4444, Alameda County, California",5477,368,2552,374,784,241,270,228,24,35,1121,285,53,62,0,17,300,186,132,165,168,87,2925,572,329,203,0,17,16,27,0,17,0,17,2342,634,238,204,111,141,127,167
1400000US06001444500,"Census Tract 4445, Alameda County, California",7518,470,3941,405,1387,344,307,178,11,20,1918,448,79,107,18,32,221,126,0,17,221,126,3577,435,745,466,0,17,35,38,0,17,0,17,2526,674,271,176,178,121,93,89
1400000US06001444601,"Census Tract 4446.01, Alameda County, California",5787,367,4321,346,1845,302,79,66,5,9,2184,329,32,45,20,25,156,90,0,17,156,90,1466,312,563,229,26,44,0,17,10,17,0,17,663,386,204,144,165,141,39,39
1400000US06001444602,"Census Tract 4446.02, Alameda County, California",4563,284,4038,310,728,172,272,190,5,10,2846,361,65,60,0,12,122,93,0,12,122,93,525,174,272,95,0,12,0,12,0,12,0,12,72,60,181,137,49,54,132,128
1400000US06001450101,"Census Tract 4501.01, Alameda County, California",5750,413,5286,460,1837,398,255,196,22,28,2715,321,10,16,0,17,447,264,31,35,416,257,464,239,282,213,9,14,0,17,0,17,13,21,118,87,42,28,33,29,9,15
1400000US06001450102,"Census Tract 4501.02, Alameda County, California",5664,379,4666,350,1402,256,360,215,73,44,2359,324,10,14,18,23,444,159,0,17,444,159,998,174,565,155,4,4,30,24,0,17,0,17,285,115,114,66,92,69,22,24
1400000US06001450200,"Census Tract 4502, Alameda County, California",5244,386,4700,529,2197,378,164,116,0,17,2014,481,24,36,0,17,301,184,14,25,287,180,544,324,434,297,30,44,0,17,0,17,0,17,17,27,63,93,0,17,63,93
1400000US06001450300,"Census Tract 4503, Alameda County, California",5212,330,4136,401,2603,380,163,131,6,10,1219,187,0,17,0,17,145,118,0,17,145,118,1076,406,805,352,57,69,0,17,17,19,0,17,114,85,83,85,51,66,32,51
1400000US06001450400,"Census Tract 4504, Alameda County, California",7286,478,6273,419,3522,456,243,157,0,17,1941,359,36,62,72,116,459,252,36,56,423,242,1013,325,618,318,0,17,83,132,142,214,18,32,130,121,22,34,22,34,0,17
1400000US06001450501,"Census Tract 4505.01, Alameda County, California",3156,213,2875,225,1879,230,0,12,20,29,807,167,0,12,0,12,169,70,0,12,169,70,281,81,90,64,0,12,11,17,11,17,0,12,44,43,125,68,83,61,42,45
1400000US06001450502,"Census Tract 4505.02, Alameda County, California",5490,400,5005,411,2527,268,81,64,52,59,2144,302,26,27,0,17,175,113,0,17,175,113,485,133,304,121,0,17,0,17,81,96,0,17,74,98,26,46,26,46,0,17
1400000US06001450601,"Census Tract 4506.01, Alameda County, California",3641,216,3418,242,1843,178,61,70,19,28,1314,237,0,12,0,12,181,111,0,12,181,111,223,121,212,120,0,12,0,12,0,12,0,12,11,18,0,12,0,12,0,12
1400000US06001450602,"Census Tract 4506.02, Alameda County, California",10265,522,9419,521,5229,400,274,176,10,18,3476,495,74,96,0,19,356,216,0,19,356,216,846,334,592,297,17,28,0,19,0,19,0,19,18,28,219,219,75,95,144,203
1400000US06001450603,"Census Tract 4506.03, Alameda County, California",5155,277,4548,264,2848,254,71,62,19,17,1513,179,0,17,0,17,97,82,0,17,97,82,607,198,364,203,0,17,0,17,0,17,0,17,182,105,61,59,61,59,0,17
1400000US06001450604,"Census Tract 4506.04, Alameda County, California",5505,261,4984,282,3204,266,29,31,0,17,1523,287,0,17,0,17,228,121,0,17,228,121,521,125,293,143,17,28,0,17,0,17,0,17,161,98,50,50,28,45,22,24
1400000US06001450605,"Census Tract 4506.05, Alameda County, California",3893,198,3535,248,2413,283,36,39,2,5,924,109,75,106,0,12,85,50,0,12,85,50,358,156,254,128,0,12,14,21,11,16,0,12,36,33,43,66,0,12,43,66
1400000US06001450606,"Census Tract 4506.06, Alameda County, California",6254,286,5869,317,3764,297,40,31,41,59,1760,232,0,17,10,16,254,136,0,17,254,136,385,161,249,136,0,17,0,17,0,17,0,17,35,31,101,76,86,76,15,16
1400000US06001450607,"Census Tract 4506.07, Alameda County, California",5717,578,5029,534,3059,467,127,127,0,17,1586,369,0,17,74,87,183,147,0,17,183,147,688,210,464,174,0,17,0,17,0,17,0,17,179,185,45,67,45,67,0,17
1400000US06001450701,"Census Tract 4507.01, Alameda County, California",8596,544,8065,573,4799,512,178,149,10,17,2769,393,0,17,0,17,309,274,0,17,309,274,531,191,329,149,0,17,0,17,0,17,0,17,23,30,179,120,111,127,68,85
1400000US06001450741,"Census Tract 4507.41, Alameda County, California",5852,343,4695,281,3111,287,159,147,27,23,1128,270,0,17,0,17,270,110,0,17,270,110,1157,314,679,382,0,17,13,19,0,17,0,17,355,170,110,118,110,118,0,17
1400000US06001450742,"Census Tract 4507.42, Alameda County, California",5436,326,4888,279,3163,256,32,29,0,17,1393,175,0,17,54,69,246,121,40,52,206,116,548,211,317,144,0,17,0,17,0,17,0,17,176,127,55,60,28,45,27,41
1400000US06001450743,"Census Tract 4507.43, Alameda County, California",6684,446,6297,460,1320,261,357,358,44,35,4066,439,127,145,0,17,383,206,57,72,326,188,387,208,239,163,0,17,0,17,0,17,0,17,83,130,65,92,0,17,65,92
1400000US06001450744,"Census Tract 4507.44, Alameda County, California",6273,465,5820,468,3523,456,69,77,42,37,1896,285,72,88,0,17,218,106,0,17,218,106,453,176,284,156,10,15,10,16,68,60,0,17,60,49,21,24,0,17,21,24
1400000US06001450745,"Census Tract 4507.45, Alameda County, California",6712,532,6046,573,1966,255,26,41,19,23,3899,566,37,59,0,17,99,93,0,17,99,93,666,327,289,98,0,17,0,17,0,17,0,17,240,197,137,168,0,17,137,168
1400000US06001450746,"Census Tract 4507.46, Alameda County, California",3525,167,3103,223,2030,224,11,18,0,12,942,180,0,12,0,12,120,73,0,12,120,73,422,201,365,194,0,12,0,12,0,12,0,12,35,56,22,33,0,12,22,33
1400000US06001450750,"Census Tract 4507.50, Alameda County, California",5630,352,5104,356,1376,230,415,157,0,17,3069,329,17,21,0,17,227,97,10,19,217,94,526,248,276,215,0,17,0,17,0,17,0,17,143,96,107,72,52,39,55,66
1400000US06001450751,"Census Tract 4507.51, Alameda County, California",11119,446,10777,423,1334,337,139,137,5,8,9015,599,26,25,0,19,258,118,0,19,258,118,342,205,244,167,0,19,0,19,0,19,0,19,57,64,41,48,22,34,19,31
1400000US06001450752,"Census Tract 4507.52, Alameda County, California",7343,368,6800,404,1520,375,340,249,6,9,4553,423,69,58,76,103,236,105,0,17,236,105,543,170,381,177,17,25,0,17,22,38,0,17,35,35,88,70,88,70,0,17
1400000US06001451101,"Census Tract 4511.01, Alameda County, California",8692,641,7430,547,5355,624,147,123,1,2,1465,329,138,152,1,3,323,211,33,68,290,197,1262,344,848,425,0,17,0,17,0,17,0,17,367,258,47,70,24,36,23,34
1400000US06001451102,"Census Tract 4511.02, Alameda County, California",4003,181,3627,153,3090,182,13,17,25,38,290,99,0,12,21,33,188,111,0,12,188,111,376,104,278,85,0,12,18,27,24,38,0,12,35,48,21,23,0,12,21,23
1400000US06001451201,"Census Tract 4512.01, Alameda County, California",7695,557,6136,559,4432,483,97,105,29,43,1151,287,0,17,0,17,427,218,0,17,427,218,1559,393,1079,455,0,17,47,51,0,17,0,17,241,195,192,170,63,100,129,146
1400000US06001451202,"Census Tract 4512.02, Alameda County, California",5188,406,4426,403,3166,365,41,42,15,24,808,190,20,23,0,17,376,182,78,80,298,152,762,233,508,217,0,17,0,17,0,17,0,17,182,106,72,60,46,45,26,39
1400000US06001451300,"Census Tract 4513, Alameda County, California",6903,426,5548,476,4377,463,95,82,0,17,622,191,0,17,0,17,454,205,26,42,428,201,1355,234,812,282,0,17,12,20,22,38,18,30,277,161,214,139,79,66,135,121
1400000US06001451401,"Census Tract 4514.01, Alameda County, California",6191,361,4930,381,3519,393,337,304,0,17,820,263,0,17,0,17,254,132,0,17,254,132,1261,226,848,387,0,17,20,33,70,141,0,17,245,205,78,102,28,60,50,69
1400000US06001451403,"Census Tract 4514.03, Alameda County, California",2308,142,1666,156,1302,160,36,39,0,12,206,96,0,12,6,9,116,67,0,12,116,67,642,144,456,128,0,12,0,12,0,12,0,12,141,77,45,49,12,13,33,47
1400000US06001451404,"Census Tract 4514.04, Alameda County, California",7094,627,3721,544,2786,474,320,380,3,7,438,323,0,17,0,17,174,103,0,17,174,103,3373,650,2210,732,0,17,36,45,52,85,0,17,571,288,504,316,314,282,190,136
1400000US06001451501,"Census Tract 4515.01, Alameda County, California",4693,407,3930,351,3165,346,42,60,5,7,389,147,51,58,12,17,266,222,13,21,253,220,763,253,457,164,0,12,0,12,12,19,0,12,233,240,61,49,25,38,36,39
1400000US06001451503,"Census Tract 4515.03, Alameda County, California",6182,423,5233,431,3897,511,113,74,5,9,839,290,29,32,0,17,350,182,0,17,350,182,949,475,773,443,0,17,21,33,0,17,0,17,72,78,83,109,0,17,83,109
1400000US06001451504,"Census Tract 4515.04, Alameda County, California",1709,118,1383,113,932,142,17,30,0,12,409,153,0,12,16,24,9,11,0,12,9,11,326,157,203,96,0,12,0,12,0,12,0,12,106,125,17,27,0,12,17,27
1400000US06001451505,"Census Tract 4515.05, Alameda County, California",3418,211,2941,186,2581,159,33,52,10,17,263,117,0,12,0,12,54,40,0,12,54,40,477,167,431,164,0,12,11,17,0,12,0,12,0,12,35,54,35,54,0,12
1400000US06001451506,"Census Tract 4515.06, Alameda County, California",3385,324,2027,246,1487,256,200,234,0,12,243,153,37,62,14,27,46,55,0,12,46,55,1358,361,1027,350,0,12,0,12,0,12,45,71,226,182,60,60,58,60,2,4
1400000US06001451601,"Census Tract 4516.01, Alameda County, California",5362,246,4790,241,4196,227,9,20,0,17,469,92,24,30,15,23,77,63,0,17,77,63,572,131,391,115,0,17,0,17,12,18,0,17,131,104,38,45,38,45,0,17
1400000US06001451602,"Census Tract 4516.02, Alameda County, California",6809,377,5691,389,4724,447,126,98,10,16,447,225,19,29,0,17,365,179,94,109,271,152,1118,252,922,258,10,23,0,17,0,17,0,17,148,129,38,55,3,6,35,55
1400000US06001451701,"Census Tract 4517.01, Alameda County, California",3112,231,2656,250,2230,294,34,45,5,9,172,87,28,45,0,12,187,107,5,10,182,110,456,249,389,242,0,12,0,12,0,12,0,12,22,22,45,51,37,43,8,19
1400000US06001451703,"Census Tract 4517.03, Alameda County, California",4080,202,3290,229,2406,204,0,12,13,21,692,156,0,12,0,12,179,100,0,12,179,100,790,163,550,201,0,12,0,12,0,12,0,12,74,64,166,98,47,40,119,95
1400000US06001451704,"Census Tract 4517.04, Alameda County, California",4519,266,3923,282,3265,279,17,28,10,15,375,166,60,65,0,12,196,126,0,12,196,126,596,167,541,168,0,12,11,18,0,12,0,12,28,31,16,19,0,12,16,19
1400000US06001981900,"Census Tract 9819, Alameda County, California",58,43,50,40,50,40,0,12,0,12,0,12,0,12,0,12,0,12,0,12,0,12,8,12,8,12,0,12,0,12,0,12,0,12,0,12,0,12,0,12,0,12
1400000US06001982000,"Census Tract 9820, Alameda County, California",63,28,55,29,10,13,23,26,2,3,20,23,0,12,0,12,0,12,0,12,0,12,8,9,4,6,0,12,0,12,0,12,0,12,0,12,4,6,4,6,0,12
1400000US06001983200,"Census Tract 9832, Alameda County, California",583,68,536,71,308,59,53,38,9,12,138,47,3,4,5,8,20,14,0,12,20,14,47,34,33,28,0,12,0,12,0,12,0,12,14,20,0,12,0,12,0,12
1400000US06001990000,"Census Tract 9900, Alameda County, California",0,12,0,12,0,12,0,12,0,12,0,12,0,12,0,12,0,12,0,12,0,12,0,12,0,12,0,12,0,12,0,12,0,12,0,12,0,12,0,12,0,12
