<?xml version="1.0" encoding="UTF-8"?>
<metadata xml:lang="en"><Esri><CreaDate>20200227</CreaDate><CreaTime>15474200</CreaTime><ArcGISFormat>1.0</ArcGISFormat><SyncOnce>FALSE</SyncOnce><DataProperties><lineage><Process ToolSource="c:\program files (x86)\arcgis\desktop10.5\ArcToolbox\Toolboxes\Spatial Analyst Tools.tbx\Idw" Date="20200227" Time="101719">Idw "pred_o3_season_avg_10yr_80K610.csv Events" o3S10 "E:\OutputData\NYCCAS 10yr Surface\o3s10_300" 984 1 "VARIABLE 110" #</Process><Process ToolSource="c:\program files (x86)\arcgis\desktop10.5\ArcToolbox\Toolboxes\Data Management Tools.tbx\Clip" Date="20200227" Time="102414">Clip o3s10_300 "912683.109001681 119629.881197423 1067874.50826345 273336.293599784" "E:\OutputData\NYCCAS 10yr Surface\o3s10_300m" Borough_boundaries_pl150m -3.402823e+038 ClippingGeometry NO_MAINTAIN_EXTENT</Process></lineage><itemProps><itemName Sync="TRUE">o3s10_300m</itemName><itemLocation><linkage Sync="TRUE">file://\\nasprgshare220\Share\ehs\BESP\EODEShare\NYCCAS\Data Requests\OpenData300m\AnnAvg1_10_300mRaster\s10_o3300m</linkage><protocol Sync="TRUE">Local Area Network</protocol></itemLocation><imsContentType Sync="TRUE">002</imsContentType><nativeExtBox><westBL Sync="TRUE">912815.305467</westBL><eastBL Sync="TRUE">1067303.305467</eastBL><southBL Sync="TRUE">119778.065385</southBL><northBL Sync="TRUE">273282.065385</northBL><exTypeCode Sync="TRUE">1</exTypeCode></nativeExtBox></itemProps><coordRef><type Sync="TRUE">Projected</type><geogcsn Sync="TRUE">GCS_North_American_1983</geogcsn><csUnits Sync="TRUE">Linear Unit: Foot_US (0.304801)</csUnits><projcsn Sync="TRUE">NAD_1983_StatePlane_New_York_Long_Island_FIPS_3104_Feet</projcsn><peXml Sync="TRUE">&lt;ProjectedCoordinateSystem xsi:type='typens:ProjectedCoordinateSystem' xmlns:xsi='http://www.w3.org/2001/XMLSchema-instance' xmlns:xs='http://www.w3.org/2001/XMLSchema' xmlns:typens='http://www.esri.com/schemas/ArcGIS/10.5'&gt;&lt;WKT&gt;PROJCS[&amp;quot;NAD_1983_StatePlane_New_York_Long_Island_FIPS_3104_Feet&amp;quot;,GEOGCS[&amp;quot;GCS_North_American_1983&amp;quot;,DATUM[&amp;quot;D_North_American_1983&amp;quot;,SPHEROID[&amp;quot;GRS_1980&amp;quot;,6378137.0,298.257222101]],PRIMEM[&amp;quot;Greenwich&amp;quot;,0.0],UNIT[&amp;quot;Degree&amp;quot;,0.0174532925199433]],PROJECTION[&amp;quot;Lambert_Conformal_Conic&amp;quot;],PARAMETER[&amp;quot;False_Easting&amp;quot;,984250.0],PARAMETER[&amp;quot;False_Northing&amp;quot;,0.0],PARAMETER[&amp;quot;Central_Meridian&amp;quot;,-74.0],PARAMETER[&amp;quot;Standard_Parallel_1&amp;quot;,40.66666666666666],PARAMETER[&amp;quot;Standard_Parallel_2&amp;quot;,41.03333333333333],PARAMETER[&amp;quot;Latitude_Of_Origin&amp;quot;,40.16666666666666],UNIT[&amp;quot;Foot_US&amp;quot;,0.3048006096012192],AUTHORITY[&amp;quot;EPSG&amp;quot;,2263]]&lt;/WKT&gt;&lt;XOrigin&gt;-120039300&lt;/XOrigin&gt;&lt;YOrigin&gt;-96540300&lt;/YOrigin&gt;&lt;XYScale&gt;37212589.015695661&lt;/XYScale&gt;&lt;ZOrigin&gt;-100000&lt;/ZOrigin&gt;&lt;ZScale&gt;10000&lt;/ZScale&gt;&lt;MOrigin&gt;-100000&lt;/MOrigin&gt;&lt;MScale&gt;10000&lt;/MScale&gt;&lt;XYTolerance&gt;0.0032808333333333331&lt;/XYTolerance&gt;&lt;ZTolerance&gt;0.001&lt;/ZTolerance&gt;&lt;MTolerance&gt;0.001&lt;/MTolerance&gt;&lt;HighPrecision&gt;true&lt;/HighPrecision&gt;&lt;WKID&gt;102718&lt;/WKID&gt;&lt;LatestWKID&gt;2263&lt;/LatestWKID&gt;&lt;/ProjectedCoordinateSystem&gt;</peXml></coordRef><RasterProperties><General><PixelDepth Sync="TRUE">32</PixelDepth><HasColormap Sync="TRUE">FALSE</HasColormap><CompressionType Sync="TRUE">None</CompressionType><NumBands Sync="TRUE">1</NumBands><Format Sync="TRUE">GRID</Format><HasPyramids Sync="TRUE">TRUE</HasPyramids><SourceType Sync="TRUE">continuous</SourceType><PixelType Sync="TRUE">floating point</PixelType><NoDataValue Sync="TRUE">-3.4028231e+038</NoDataValue></General></RasterProperties><copyHistory><copy source="E:\OutputData\NYCCAS 10yr Surface\s10_o3300m" dest="\\nasprgshare220\Share\ehs\BESP\EODEShare\NYCCAS\Data Requests\OpenData300m\AnnAvg1_10_300mRaster\s10_o3300m" date="20200227" time="15474200"></copy></copyHistory></DataProperties><SyncDate>20200227</SyncDate><SyncTime>10211400</SyncTime><ModDate>20200227</ModDate><ModTime>10211400</ModTime></Esri><dataIdInfo><envirDesc Sync="TRUE">Microsoft Windows Server 2008 R2 Version 6.1 (Build 7601) Service Pack 1; Esri ArcGIS 10.5.0.6491</envirDesc><dataLang><languageCode value="eng" Sync="TRUE"></languageCode><countryCode value="USA" Sync="TRUE"></countryCode></dataLang><idCitation><resTitle Sync="TRUE">o3s10_300m</resTitle><presForm><PresFormCd value="005" Sync="TRUE"></PresFormCd></presForm></idCitation><spatRpType><SpatRepTypCd value="002" Sync="TRUE"></SpatRepTypCd></spatRpType><dataExt><geoEle><GeoBndBox esriExtentType="search"><exTypeCode Sync="TRUE">1</exTypeCode><westBL Sync="TRUE">-74.258465</westBL><eastBL Sync="TRUE">-73.699496</eastBL><northBL Sync="TRUE">40.916769</northBL><southBL Sync="TRUE">40.495049</southBL></GeoBndBox></geoEle></dataExt></dataIdInfo><mdLang><languageCode value="eng" Sync="TRUE"></languageCode><countryCode value="USA" Sync="TRUE"></countryCode></mdLang><mdChar><CharSetCd value="004" Sync="TRUE"></CharSetCd></mdChar><distInfo><distFormat><formatName Sync="TRUE">Raster Dataset</formatName></distFormat></distInfo><mdHrLv><ScopeCd value="005" Sync="TRUE"></ScopeCd></mdHrLv><mdHrLvName Sync="TRUE">dataset</mdHrLvName><refSysInfo><RefSystem><refSysID><identCode code="2263" Sync="TRUE"></identCode><idCodeSpace Sync="TRUE">EPSG</idCodeSpace><idVersion Sync="TRUE">5.3(9.0.0)</idVersion></refSysID></RefSystem></refSysInfo><spatRepInfo><Georect><cellGeo><CellGeoCd Sync="TRUE" value="002"></CellGeoCd></cellGeo><numDims Sync="TRUE">2</numDims><tranParaAv Sync="TRUE">1</tranParaAv><chkPtAv Sync="TRUE">0</chkPtAv><cornerPts><pos Sync="TRUE">912815.305467 119778.065385</pos></cornerPts><cornerPts><pos Sync="TRUE">912815.305467 273282.065385</pos></cornerPts><cornerPts><pos Sync="TRUE">1067303.305467 273282.065385</pos></cornerPts><cornerPts><pos Sync="TRUE">1067303.305467 119778.065385</pos></cornerPts><centerPt><pos Sync="TRUE">990059.305467 196530.065385</pos></centerPt><axisDimension type="002"><dimSize Sync="TRUE">157</dimSize><dimResol><value Sync="TRUE" uom="ftUS">984.000000</value></dimResol></axisDimension><axisDimension type="001"><dimSize Sync="TRUE">156</dimSize><dimResol><value Sync="TRUE" uom="ftUS">984.000000</value></dimResol></axisDimension><ptInPixel><PixOrientCd Sync="TRUE" value="001"></PixOrientCd></ptInPixel></Georect></spatRepInfo><contInfo><ImgDesc><contentTyp><ContentTypCd Sync="TRUE" value="003"></ContentTypCd></contentTyp><covDim><Band><dimDescrp Sync="TRUE">o3s10_300m</dimDescrp><maxVal Sync="TRUE">38.333641</maxVal><minVal Sync="TRUE">20.640688</minVal><bitsPerVal Sync="TRUE">32</bitsPerVal><valUnit><UOM type="length"></UOM></valUnit></Band></covDim></ImgDesc></contInfo><mdDateSt Sync="TRUE">20200227</mdDateSt></metadata>
